,FIPS_ST,FIPS_CTY,GRNDTOT,MURDER,RAPE,ROBBERY,AGASSLT,State_CTY,Population,Crime_Rates,Population 25 years and over!!Less than 9th grade,"Population 25 years and over!!9th to 12th grade, no diploma",Population 25 years and over!!High school graduate (includes equivalency),"Population 25 years and over!!Some college, no degree",Population 25 years and over!!Associate's degree,Population 25 years and over!!Bachelor's degree,Population 25 years and over!!Graduate or professional degree,Percent high school graduate or higher,Percent bachelor's degree or higher
0,Alabama,3,490,7,35,130,318,Alabama3,208563,234.94100104045302,2.9,7.1,28.5,21.2,10.6,17.4,12.3,89.9,29.6
1,Alabama,15,303,8,17,65,213,Alabama15,114611,264.37252968737727,6.5,11.3,31.7,27.1,7.0,9.3,7.2,82.2,16.5
2,Alabama,43,28,1,4,3,20,Alabama43,82471,33.95132834572153,8.0,14.6,32.2,18.3,10.0,11.4,5.5,77.4,16.9
3,Alabama,49,39,2,1,1,35,Alabama49,70900,55.00705218617772,10.3,15.3,31.8,22.1,9.7,6.8,4.1,74.4,10.9
4,Alabama,55,185,7,4,35,139,Alabama55,102564,180.37518037518038,6.3,12.2,34.8,23.5,7.7,9.7,5.9,81.5,15.6
5,Alabama,69,255,16,23,64,152,Alabama69,104056,245.06035211809026,4.5,11.4,30.1,24.2,9.5,13.1,7.2,84.0,20.3
6,Alabama,73,843,38,17,209,579,Alabama73,659521,127.82003908897518,2.8,7.8,26.3,21.7,8.5,20.0,12.9,89.4,32.9
7,Alabama,81,208,20,2,34,152,Alabama81,158991,130.8250152524357,4.3,7.9,22.1,22.1,7.9,19.7,16.0,87.8,35.7
8,Alabama,83,114,3,7,16,88,Alabama83,92753,122.90707578191541,6.0,13.1,30.2,21.4,7.0,14.5,7.7,80.9,22.3
9,Alabama,89,579,29,64,146,340,Alabama89,356967,162.1998672146165,3.9,5.8,22.6,20.0,7.1,23.8,16.8,90.3,40.6
10,Alabama,95,151,3,9,5,134,Alabama95,95157,158.68512038000355,6.5,11.0,33.4,24.8,8.0,11.0,5.4,82.6,16.4
11,Alabama,97,760,55,31,212,462,Alabama97,414836,183.2049291768313,2.8,10.6,32.1,21.7,9.1,15.8,7.8,86.6,23.7
12,Alabama,101,231,22,13,76,120,Alabama101,226349,102.05479149455044,4.2,10.4,24.3,23.3,6.1,18.9,12.9,85.5,31.8
13,Alabama,103,173,11,16,23,123,Alabama103,119012,145.3634927570329,8.5,11.0,29.8,22.0,9.0,13.2,6.5,80.6,19.7
14,Alabama,115,176,8,14,22,132,Alabama115,88019,199.95682750315274,5.0,12.8,36.1,21.0,7.7,12.2,5.2,82.2,17.4
15,Alabama,117,187,4,11,6,166,Alabama117,210622,88.7846473777668,2.6,5.5,19.4,23.1,7.4,27.7,14.3,91.9,42.0
16,Alabama,121,97,7,0,17,73,Alabama121,80103,121.09409135737737,5.1,13.5,32.5,25.7,8.3,9.8,5.2,81.4,15.0
17,Alabama,125,267,15,19,63,170,Alabama125,206102,129.54750560402132,2.8,8.2,28.0,23.3,7.7,17.1,12.9,89.1,30.1
18,Alabama,127,92,11,4,14,63,Alabama127,64967,141.61035602690595,8.5,12.6,38.4,20.1,9.5,6.7,4.4,78.9,11.0
19,Arizona,1,45,0,0,1,44,Arizona1,73112,61.54940365466681,9.0,9.4,31.1,31.3,7.6,6.9,4.8,81.6,11.6
20,Arizona,3,222,9,7,25,181,Arizona3,125770,176.51268187962154,6.1,7.3,26.1,26.1,10.2,15.5,8.8,86.6,24.3
21,Arizona,5,329,4,10,15,300,Arizona5,140908,233.48567859880205,3.7,6.8,22.1,24.6,7.5,20.5,14.9,89.5,35.4
22,Arizona,13,6460,143,217,1306,4794,Arizona13,4242997,152.25087361598418,5.9,6.9,22.4,24.6,8.3,20.4,11.5,87.2,31.9
23,Arizona,15,321,13,13,36,259,Arizona15,205249,156.3954026572602,3.3,12.0,34.4,30.2,8.8,7.3,4.0,84.7,11.3
24,Arizona,17,224,5,5,4,210,Arizona17,110026,203.5882427789795,7.6,11.5,29.8,28.6,8.2,8.6,5.8,81.0,14.4
25,Arizona,19,1347,35,40,387,885,Arizona19,1016206,132.55186448416956,4.8,7.2,22.1,25.4,8.6,18.0,13.8,88.0,31.9
26,Arizona,21,561,18,33,50,460,Arizona21,418540,134.03736799350122,5.4,9.1,28.1,27.2,9.9,13.1,7.1,85.5,20.2
27,Arizona,25,271,5,5,24,237,Arizona25,225562,120.14435055550136,2.0,5.8,27.3,30.8,10.0,13.7,10.4,92.2,24.0
28,Arizona,27,187,6,8,15,158,Arizona27,205631,90.93959568353021,14.8,11.0,26.6,26.3,5.8,10.2,5.2,74.2,15.4
29,Arkansas,7,312,6,33,17,256,Arkansas7,258291,120.79398817612693,6.1,5.7,29.2,21.0,5.8,22.2,10.0,88.2,32.1
30,Arkansas,31,198,6,12,33,147,Arkansas31,105835,187.0836679737327,4.9,7.1,37.5,21.1,5.9,15.3,8.2,88.0,23.5
31,Arkansas,45,128,5,17,13,93,Arkansas45,122227,104.7231790030026,2.4,6.1,32.0,24.1,6.5,17.1,11.8,91.4,28.9
32,Arkansas,51,204,4,16,12,172,Arkansas51,97477,209.28013787867906,2.7,9.3,29.6,30.8,9.3,12.5,5.8,88.0,18.3
33,Arkansas,69,132,3,10,17,102,Arkansas69,70016,188.52833638025595,6.9,12.2,34.4,19.9,8.0,12.4,6.2,80.8,18.6
34,Arkansas,85,133,3,16,20,94,Arkansas85,72228,184.13911502464418,3.6,6.8,35.1,23.8,9.6,13.6,7.6,89.6,21.2
35,Arkansas,119,970,37,27,191,715,Arkansas119,393250,246.6624284806103,2.8,6.0,26.0,24.4,6.7,21.0,13.1,91.2,34.1
36,Arkansas,125,113,1,2,10,100,Arkansas125,118703,95.19557214223734,1.5,6.4,32.6,22.9,8.1,18.5,9.9,92.1,28.4
37,Arkansas,131,338,4,12,34,288,Arkansas131,127793,264.49023029430407,6.9,8.9,33.9,25.0,8.0,11.7,5.6,84.2,17.3
38,Arkansas,143,418,10,21,38,349,Arkansas143,228049,183.29394121438813,7.2,7.3,26.1,21.7,5.0,18.2,14.5,85.4,32.7
39,Arkansas,145,95,1,7,7,80,Arkansas145,79263,119.85415641598225,3.2,8.8,39.4,20.4,6.7,10.7,10.8,88.0,21.5
40,California,1,3452,73,110,880,2389,California1,1647704,209.50364871360392,6.7,5.5,17.6,18.3,6.5,26.3,19.1,87.7,45.4
41,California,7,617,6,20,41,550,California7,226864,271.9691092460681,4.5,6.8,23.6,30.4,8.9,15.5,10.3,88.7,25.8
42,California,13,2478,89,95,463,1831,California13,1135127,218.30156449454554,6.1,4.6,17.1,22.3,8.3,25.8,15.7,89.3,41.5
43,California,17,425,4,10,33,378,California17,185625,228.95622895622898,2.7,3.9,22.2,26.5,10.7,21.1,12.9,93.4,34.0
44,California,19,4099,36,82,540,3441,California19,979915,418.3015873825791,14.6,10.7,23.3,23.0,8.2,13.2,7.0,74.7,20.2
45,California,23,442,4,7,42,389,California23,136646,323.4635481463051,1.8,7.5,25.8,25.7,9.6,20.3,9.2,90.6,29.5
46,California,25,460,2,6,41,411,California25,180883,254.30803336963672,15.5,15.3,23.8,25.0,6.5,9.5,4.3,69.2,13.9
47,California,29,3256,50,46,418,2742,California29,884788,367.9977576549411,13.2,12.9,27.1,23.0,7.5,11.2,5.1,73.8,16.3
48,California,31,521,7,19,36,459,California31,149785,347.8318923790767,11.7,13.8,30.7,25.2,7.1,7.9,3.7,74.6,11.6
49,California,33,306,3,6,21,276,California33,64116,477.2599663110612,5.7,9.8,24.8,32.9,10.8,10.0,6.0,84.5,16.0
50,California,37,27628,379,604,5216,21429,California37,10137915,272.52151946430797,12.9,8.8,20.8,19.0,7.0,20.5,11.0,78.3,31.5
51,California,39,413,5,12,38,358,California39,154697,266.97350304142935,16.8,12.2,25.2,28.0,6.0,7.8,4.0,71.0,11.8
52,California,41,482,2,22,62,396,California41,260651,184.92160014732343,5.0,2.0,10.4,18.6,5.0,34.5,24.6,93.0,59.1
53,California,45,402,7,11,31,353,California45,87628,458.75747477975074,8.0,8.5,24.5,28.6,8.2,14.8,7.3,83.5,22.2
54,California,47,920,14,32,109,765,California47,268672,342.4249642686994,19.5,12.7,24.3,23.4,6.6,8.2,5.3,67.8,13.5
55,California,53,1202,23,34,159,986,California53,435232,276.17454598926554,20.9,8.9,19.0,17.9,8.4,14.9,9.9,70.2,24.8
56,California,55,383,4,7,37,335,California55,142166,269.40337352109503,9.2,5.7,17.5,23.4,9.0,22.6,12.5,85.0,35.1
57,California,57,177,4,2,11,160,California57,99107,178.59485202861555,1.4,6.2,17.1,27.9,10.8,23.8,12.8,92.4,36.6
58,California,59,5923,69,206,884,4764,California59,3172532,186.69630440291857,8.4,6.8,17.1,20.0,7.8,25.9,14.0,84.9,40.0
59,California,61,665,4,13,77,571,California61,380531,174.75580176122313,2.0,2.9,17.3,26.6,12.2,25.8,13.2,95.0,39.1
60,California,65,5610,76,140,736,4658,California65,2387741,234.95010556002512,9.5,9.5,26.2,24.9,8.1,13.8,8.0,81.1,21.8
61,California,67,4929,55,53,714,4107,California67,1514460,325.4625411037598,7.1,6.6,22.7,24.5,9.4,19.3,10.4,86.4,29.8
62,California,71,8731,125,251,1146,7209,California71,2140096,407.97235264212446,9.5,11.8,26.3,24.1,8.4,13.2,6.8,78.7,20.0
63,California,73,8275,75,114,1101,6985,California73,3317749,249.41609506927742,7.0,6.7,18.4,22.7,7.9,23.3,14.0,86.4,37.4
64,California,75,2015,51,30,365,1569,California75,870887,231.37330101379396,7.4,4.7,12.3,13.7,4.7,34.1,23.2,87.9,57.2
65,California,77,2522,17,56,379,2070,California77,733709,343.73300586472294,11.7,11.2,27.5,23.5,9.4,11.4,5.4,77.1,16.7
66,California,79,651,3,27,34,587,California79,282887,230.12722394454323,3.6,4.6,18.6,25.6,11.5,23.3,12.9,91.9,36.2
67,California,81,1284,10,37,194,1043,California81,764797,167.88768784396382,6.4,4.5,15.3,16.8,6.6,29.3,21.1,89.1,50.3
68,California,83,1352,5,46,176,1125,California83,446170,303.0235112176973,13.4,6.4,17.3,22.6,7.9,18.6,13.8,80.2,32.4
69,California,85,3737,50,119,477,3091,California85,1919402,194.69605637589208,7.6,5.2,15.0,14.9,6.3,28.1,22.9,87.2,51.0
70,California,87,645,3,27,53,562,California87,274673,234.8246824405748,8.9,3.8,15.7,23.0,8.1,23.1,17.5,87.3,40.5
71,California,89,548,13,18,74,443,California89,179631,305.0698376115481,2.6,5.7,25.3,33.9,10.6,14.9,6.9,91.7,21.8
72,California,95,1566,24,30,220,1292,California95,440207,355.74173059492466,5.4,6.9,23.4,28.6,10.3,17.8,7.6,87.7,25.4
73,California,97,1336,5,43,105,1183,California97,503070,265.56940386029777,6.2,5.9,18.6,25.7,9.7,21.4,12.4,87.9,33.9
74,California,99,2448,31,59,304,2054,California99,541560,452.02747617992463,13.0,10.6,27.5,24.7,7.9,11.2,5.0,76.4,16.2
75,California,101,404,7,16,43,338,California101,96651,417.9987791124769,14.1,10.1,21.9,26.5,11.3,11.7,4.4,75.7,16.1
76,California,107,2012,36,52,172,1752,California107,460437,436.97617697969537,17.3,13.3,25.9,22.3,7.5,8.8,4.9,69.4,13.7
77,California,111,2104,33,28,266,1777,California111,849738,247.6057325905161,9.6,6.3,18.5,22.8,9.2,20.4,13.2,84.1,33.6
78,California,113,552,10,19,89,434,California113,215802,255.7900297494926,7.7,7.4,17.9,19.7,6.4,21.1,19.7,84.9,40.9
79,California,115,482,8,9,46,419,California115,75275,640.3188309531716,5.7,10.0,23.0,31.8,11.0,13.8,4.8,84.4,18.6
80,Colorado,1,563,23,43,91,406,Colorado1,498187,113.00977343848795,7.9,9.4,29.1,21.7,9.0,15.8,7.1,82.8,23.0
81,Colorado,5,681,14,21,119,527,Colorado5,637068,106.89596714950366,2.7,4.6,21.9,20.4,8.9,26.3,15.2,92.7,41.5
82,Colorado,13,323,4,43,35,241,Colorado13,322226,100.24020408036596,1.8,3.0,13.3,15.2,6.0,32.4,28.3,95.1,60.6
83,Colorado,14,13,0,2,1,10,Colorado14,66529,19.540350824452496,1.4,1.8,15.4,21.3,8.2,31.5,20.4,96.8,51.9
84,Colorado,31,2079,32,120,388,1539,Colorado31,693060,299.9740282226647,5.9,6.9,18.2,16.3,5.3,28.9,18.5,87.2,47.4
85,Colorado,35,112,1,2,11,98,Colorado35,328632,34.080673823608166,0.6,0.9,11.4,19.9,7.7,37.0,22.5,98.5,59.4
86,Colorado,41,1131,35,61,107,928,Colorado41,688284,164.32170441271336,2.0,3.6,19.8,24.0,11.9,23.5,15.2,94.4,38.7
87,Colorado,59,445,5,26,59,355,Colorado59,571837,77.81937859914626,1.8,4.0,19.9,22.9,7.8,28.2,15.3,94.2,43.5
88,Colorado,69,322,11,20,37,254,Colorado69,339993,94.70783222007512,1.2,2.5,20.7,19.8,9.0,27.4,19.4,96.3,46.8
89,Colorado,77,217,5,13,20,179,Colorado77,150083,144.58666204700066,2.6,8.8,30.4,24.1,9.1,15.9,9.1,88.6,25.0
90,Colorado,101,220,3,5,39,173,Colorado101,165123,133.234013432411,3.3,9.0,28.1,26.1,12.4,13.7,7.5,87.7,21.2
91,Colorado,123,334,7,25,47,255,Colorado123,294932,113.2464432479351,5.0,7.6,28.9,22.5,8.8,19.1,8.1,87.4,27.2
92,Connecticut,1,972,16,56,248,652,Connecticut1,944177,102.94679917007086,5.2,4.7,22.1,15.0,6.4,26.9,19.7,90.1,46.6
93,Connecticut,3,1193,29,85,361,718,Connecticut3,892389,133.6860942929597,4.6,6.0,28.0,16.4,7.8,21.4,15.8,89.4,37.2
94,Connecticut,5,77,0,5,28,44,Connecticut5,182571,42.17537286863741,2.4,4.4,29.0,18.1,9.4,22.0,14.7,93.2,36.8
95,Connecticut,7,60,2,1,19,38,Connecticut7,163329,36.73566849732748,2.4,3.0,27.3,16.4,9.1,25.3,16.5,94.6,41.8
96,Connecticut,9,1010,14,49,284,663,Connecticut9,856875,117.87016776075858,4.0,6.2,30.6,17.1,7.0,18.6,16.5,89.7,35.1
97,Connecticut,11,241,3,10,39,189,Connecticut11,269801,89.32509516273106,2.2,5.1,30.7,21.1,8.4,18.2,14.3,92.7,32.5
98,Connecticut,13,19,0,1,6,12,Connecticut13,151118,12.572956232877619,1.2,3.6,27.7,17.8,9.7,22.7,17.4,95.2,40.1
99,Connecticut,15,32,0,6,10,16,Connecticut15,116192,27.54062241806665,4.3,8.5,34.0,19.9,9.3,14.1,9.9,87.2,24.0
100,Delaware,1,438,6,12,117,303,Delaware1,174827,250.53338443146652,4.6,8.3,35.9,19.8,8.9,14.1,8.5,87.1,22.6
101,Delaware,3,1358,25,24,329,980,Delaware3,556987,243.81179453021343,2.6,6.0,31.4,17.4,7.1,20.6,14.8,91.4,35.5
102,Delaware,5,438,2,22,83,331,Delaware5,220251,198.8640233188499,4.2,9.6,30.9,20.0,8.9,16.1,10.3,86.2,26.4
103,Florida,1,1457,4,216,271,966,Florida1,263496,552.9495703919604,3.4,5.6,23.2,17.7,10.5,19.5,20.2,91.0,39.7
104,Florida,5,897,9,87,133,668,Florida5,183974,487.5688956048137,2.3,6.6,32.7,25.7,9.4,15.5,7.7,91.1,23.3
105,Florida,9,2870,20,255,451,2144,Florida9,579130,495.5709426208278,2.6,5.5,28.3,22.1,12.2,18.6,10.7,91.9,29.3
106,Florida,11,7550,81,559,2715,4195,Florida11,1909632,395.36413298478453,5.4,6.8,26.7,20.5,9.8,19.3,11.5,87.9,30.8
107,Florida,15,391,5,35,20,331,Florida15,178465,219.09057798447876,2.7,7.2,32.7,24.6,9.1,14.8,8.9,90.1,23.7
108,Florida,17,338,4,40,39,255,Florida17,143621,235.34162831340822,3.1,9.7,36.6,20.9,9.3,12.8,7.6,87.2,20.4
109,Florida,19,554,5,110,95,344,Florida19,208311,265.94850968023775,2.1,4.8,34.4,23.4,11.8,16.1,7.4,93.2,23.5
110,Florida,21,962,10,70,169,713,Florida21,365136,263.4634766224092,8.2,6.7,25.9,17.3,7.9,19.6,14.3,85.1,33.9
111,Florida,23,373,3,20,36,314,Florida23,69299,538.2473051559185,6.0,11.0,36.2,24.1,9.2,9.1,4.5,83.1,13.6
112,Florida,86,15635,198,796,4831,9810,Florida86,926255,1687.9800918753476,10.2,8.6,28.2,15.7,9.4,17.7,10.2,81.2,27.9
113,Florida,31,5755,106,540,1523,3586,Florida31,315187,1825.9001798932063,3.2,8.0,27.2,22.2,10.0,20.2,9.2,88.8,29.4
114,Florida,33,1980,19,188,373,1400,Florida33,108310,1828.0860493029265,2.3,6.9,26.7,24.3,13.0,17.3,9.6,90.8,26.8
115,Florida,35,258,0,20,32,206,Florida35,182835,141.11083764049553,2.2,6.8,32.0,25.2,10.7,12.9,10.1,91.0,23.0
116,Florida,53,467,4,67,73,323,Florida53,100917,462.7565226869606,3.8,8.8,35.8,23.1,9.8,12.6,6.1,87.4,18.8
117,Florida,55,327,7,27,49,244,Florida55,1376238,23.76042515902046,7.0,7.3,44.1,19.5,9.1,8.5,4.5,85.7,13.0
118,Florida,57,4103,63,280,903,2857,Florida57,151563,2707.125089896611,4.8,7.2,27.9,18.9,8.9,20.7,11.6,88.0,32.3
119,Florida,61,345,4,21,43,277,Florida61,335396,102.86348078092762,5.3,7.4,28.8,20.2,9.6,16.9,11.8,87.3,28.7
120,Florida,69,969,6,105,122,736,Florida69,722336,134.1480972843663,3.3,7.2,33.7,23.0,9.7,13.5,9.5,89.5,23.0
121,Florida,71,2562,41,249,445,1827,Florida71,287822,890.1334852790961,5.1,7.6,30.4,19.8,8.9,18.2,10.1,87.4,28.3
122,Florida,73,2112,12,258,456,1386,Florida73,375888,561.8694930404802,1.9,4.4,18.5,18.1,9.5,26.7,20.8,93.7,47.6
123,Florida,81,1777,23,165,259,1330,Florida81,349020,509.1398773709243,3.5,7.7,31.4,21.6,8.1,17.4,10.3,88.8,27.7
124,Florida,83,1174,18,90,213,853,Florida83,158701,739.755893157573,4.3,9.3,38.3,22.3,7.9,11.8,6.2,86.5,18.0
125,Florida,85,371,6,58,59,248,Florida85,2712945,13.675175869765145,3.9,5.6,25.6,23.4,11.2,18.3,12.0,90.5,30.3
126,Florida,87,281,2,33,33,213,Florida87,79077,355.34984888146994,3.7,6.3,27.4,19.6,9.6,21.8,11.6,90.0,33.4
127,Florida,89,171,5,22,9,135,Florida89,80622,212.10091538289797,2.6,5.5,29.7,22.1,9.9,18.8,11.4,91.9,30.2
128,Florida,91,799,10,108,84,597,Florida91,201170,397.1765173733658,2.6,5.8,25.7,24.7,10.7,18.1,12.4,91.6,30.5
129,Florida,95,8133,154,786,1789,5404,Florida95,1314367,618.776947382276,5.4,7.8,24.3,18.4,10.4,22.5,11.2,86.8,33.7
130,Florida,97,1478,11,137,209,1121,Florida97,336015,439.86131571507224,5.2,7.8,32.5,22.0,12.5,14.4,5.6,86.9,20.0
131,Florida,99,6535,76,511,1753,4195,Florida99,1443810,452.6218823806457,6.1,6.5,24.6,18.5,9.2,21.8,13.2,87.4,35.0
132,Florida,101,1653,12,183,216,1242,Florida101,512368,322.6196796052837,3.7,7.6,34.3,20.5,10.9,15.6,7.4,88.7,23.0
133,Florida,103,4071,39,457,1091,2484,Florida103,960730,423.74028082812026,3.1,6.4,28.1,23.2,9.9,19.2,10.1,90.5,29.3
134,Florida,105,2199,26,258,350,1565,Florida105,666149,330.1063275633529,6.8,8.9,35.9,20.5,7.7,13.3,6.8,84.3,20.1
135,Florida,107,368,6,35,54,273,Florida107,72277,509.152289109952,6.3,14.3,37.9,19.1,6.9,8.7,6.8,79.4,15.5
136,Florida,109,460,8,21,46,385,Florida109,235087,195.67224048969103,1.4,2.9,21.5,20.5,10.8,27.3,15.5,95.7,42.8
137,Florida,111,825,13,74,157,581,Florida111,306507,269.1618788477914,5.3,8.3,33.4,22.7,9.7,13.9,6.7,86.4,20.6
138,Florida,113,239,6,55,23,155,Florida113,170497,140.1784195616345,2.6,7.6,26.3,23.2,12.8,17.6,9.9,89.8,27.5
139,Florida,115,901,9,76,169,647,Florida115,412569,218.38771211603395,2.5,4.5,30.3,20.1,9.0,20.2,13.4,92.9,33.6
140,Florida,117,1695,25,194,292,1184,Florida117,455479,372.1357076835595,1.9,3.9,21.4,22.5,13.3,24.1,12.9,94.2,37.0
141,Florida,119,292,1,25,12,254,Florida119,123996,235.49146746669248,3.2,5.2,32.4,23.7,6.5,15.4,13.7,91.7,29.0
142,Florida,127,2213,19,148,337,1709,Florida127,529364,418.0488284054072,2.7,7.6,31.3,22.8,11.5,15.7,8.4,89.7,24.1
143,Florida,131,224,4,18,12,190,Florida131,65889,339.9656998892076,3.6,9.8,25.4,24.0,9.1,19.5,8.6,86.6,28.2
144,Georgia,13,123,0,0,0,123,Georgia13,77126,159.4792936234214,5.7,10.8,34.0,23.0,8.2,11.1,7.2,83.5,18.3
145,Georgia,15,224,0,5,22,197,Georgia15,103807,215.7850626643675,5.5,11.6,33.7,22.7,7.0,13.7,5.7,82.9,19.4
146,Georgia,21,89,3,2,22,62,Georgia21,152760,58.261324954176494,5.4,10.4,29.8,19.8,8.7,14.9,10.9,84.2,25.8
147,Georgia,31,70,1,2,39,28,Georgia31,74722,93.68057600171302,3.6,11.1,25.1,23.9,9.1,14.3,12.9,85.3,27.2
148,Georgia,45,156,1,1,28,126,Georgia45,116261,134.18085170435484,5.8,11.6,31.7,24.1,5.6,13.3,8.0,82.6,21.3
149,Georgia,47,81,6,5,8,62,Georgia47,66398,121.99162625380283,2.0,9.9,33.1,22.7,9.0,16.8,6.5,88.0,23.2
150,Georgia,51,495,37,9,111,338,Georgia51,289082,171.2316920458555,2.9,8.0,23.3,25.7,8.1,20.9,11.1,89.0,31.9
151,Georgia,57,152,7,7,17,121,Georgia57,241689,62.89073975232634,3.6,5.9,21.8,23.7,7.3,26.7,11.1,90.5,37.8
152,Georgia,59,255,1,13,79,162,Georgia59,124707,204.47929947797638,4.1,7.8,21.4,18.3,7.4,18.1,22.9,88.1,41.0
153,Georgia,63,335,3,7,46,279,Georgia63,279462,119.8731849052823,6.9,8.1,32.4,23.4,8.8,13.7,6.8,85.0,20.5
154,Georgia,67,1215,8,34,134,1039,Georgia67,748150,162.40058811735614,4.7,4.2,18.2,19.9,6.4,29.7,16.9,91.1,46.6
155,Georgia,73,41,3,2,19,17,Georgia73,147450,27.80603594438793,2.7,3.3,26.9,21.3,10.1,21.0,14.8,94.0,35.8
156,Georgia,77,142,2,5,48,87,Georgia77,140526,101.048916214793,2.9,8.5,30.0,22.0,7.7,20.2,8.7,88.6,28.9
157,Georgia,89,541,88,4,189,260,Georgia89,740321,73.0764087470165,4.8,6.2,20.8,18.0,6.9,24.7,18.7,89.1,43.4
158,Georgia,95,1052,16,5,75,956,Georgia95,90017,1168.668140462357,5.3,10.0,29.3,24.7,9.5,12.5,8.8,84.8,21.3
159,Georgia,97,119,5,6,16,92,Georgia97,142224,83.67082911463606,3.2,7.9,31.5,22.5,7.9,17.2,9.8,89.0,27.0
160,Georgia,113,64,3,3,27,31,Georgia113,111627,57.3337991704516,2.2,2.4,20.2,18.9,7.5,29.5,19.2,95.4,48.7
161,Georgia,115,99,2,1,16,80,Georgia115,96560,102.52692626346314,6.2,11.0,31.1,20.1,7.4,13.8,10.4,82.8,24.2
162,Georgia,117,89,1,1,7,80,Georgia117,221009,40.26985326389423,4.0,4.3,16.6,18.0,6.8,33.9,16.4,91.7,50.2
163,Georgia,121,2193,132,60,570,1431,Georgia121,1023336,214.2991158329229,2.4,5.6,18.3,16.9,5.6,30.2,21.1,92.0,51.3
164,Georgia,127,138,6,0,40,92,Georgia127,84502,163.3097441480675,5.8,9.2,26.1,23.5,7.7,18.5,9.1,84.9,27.6
165,Georgia,135,482,10,16,103,353,Georgia135,907135,53.13431848622311,6.6,5.7,23.0,20.8,9.2,22.7,11.9,87.7,34.7
166,Georgia,139,177,2,8,27,140,Georgia139,196637,90.01357831944141,10.8,12.0,29.5,18.2,7.9,13.2,8.3,77.1,21.5
167,Georgia,151,216,3,13,62,138,Georgia151,221768,97.39908372713828,2.8,8.2,27.6,23.1,9.3,16.9,12.1,89.0,29.0
168,Georgia,153,178,6,1,38,133,Georgia153,152122,117.01134615637449,3.0,7.1,22.5,28.0,9.5,16.9,13.0,89.9,29.9
169,Georgia,179,97,2,1,22,72,Georgia179,62570,155.0263704650791,3.1,6.6,30.7,30.0,11.8,12.5,5.3,90.3,17.8
170,Georgia,185,101,0,3,20,78,Georgia185,114628,88.11110723383466,3.3,9.5,35.3,20.9,6.9,13.9,10.3,87.3,24.2
171,Georgia,215,422,21,8,138,255,Georgia215,197485,213.68711547712485,3.5,8.6,26.6,24.4,9.5,16.2,11.3,87.9,27.4
172,Georgia,217,122,6,6,17,93,Georgia217,106999,114.01975719399246,6.2,12.5,31.1,25.6,7.6,10.8,6.3,81.3,17.1
173,Georgia,223,79,1,5,5,68,Georgia223,155825,50.69789828333065,3.2,6.3,33.5,24.9,8.4,16.5,7.2,90.5,23.7
174,Georgia,245,43,0,3,12,28,Georgia245,201647,21.32439361855123,4.7,11.2,31.1,22.4,8.5,13.6,8.5,84.1,22.1
175,Georgia,247,150,2,6,39,103,Georgia247,89355,167.8697330871244,5.0,6.6,36.1,16.7,11.2,17.7,6.8,88.4,24.5
176,Georgia,285,123,10,0,46,67,Georgia285,70005,175.701735590315,6.1,15.4,31.4,19.1,7.0,13.5,7.4,78.5,21.0
177,Georgia,295,82,0,1,7,74,Georgia295,67896,120.77294685990337,4.8,16.7,33.0,21.1,7.8,11.4,5.3,78.5,16.6
178,Georgia,297,124,0,3,21,100,Georgia297,90184,137.4966734675774,3.7,10.2,34.3,20.9,8.0,15.5,7.4,86.1,22.9
179,Georgia,313,394,0,10,18,366,Georgia313,104589,376.71265620667566,14.6,17.0,27.6,22.3,6.0,8.4,4.1,68.4,12.5
180,Hawaii,1,209,9,20,35,145,Hawaii1,198449,105.31673125085035,2.8,4.5,32.9,21.5,10.8,19.2,8.4,92.7,27.6
181,Hawaii,3,767,16,100,220,431,Hawaii3,992605,77.2714221669244,3.9,4.6,25.9,20.9,10.4,22.6,11.8,91.6,34.4
182,Hawaii,7,85,3,7,7,68,Hawaii7,72029,118.0080245456691,3.6,3.3,33.3,20.3,11.6,21.0,6.9,93.1,27.9
183,Hawaii,9,280,7,27,32,214,Hawaii9,165379,169.30807418112335,3.4,3.7,32.7,25.0,10.5,17.0,7.7,92.9,24.7
184,Idaho,1,371,7,52,25,287,Idaho1,444028,83.55328943219797,1.3,3.5,22.5,23.5,11.1,26.0,12.1,95.2,38.1
185,Idaho,5,90,4,3,8,75,Idaho5,84377,106.66413833153585,4.2,5.8,28.2,26.3,7.9,19.7,7.9,90.0,27.6
186,Idaho,19,142,0,3,10,129,Idaho19,112232,126.52362962434955,1.3,6.0,23.7,27.2,9.5,20.9,11.4,92.7,32.3
187,Idaho,27,218,5,6,13,194,Idaho27,211698,102.97688216232557,6.4,9.8,32.3,25.5,6.8,14.1,5.0,83.8,19.1
188,Idaho,55,173,1,15,16,141,Idaho55,154311,112.111255840478,1.2,6.1,27.3,29.9,9.5,16.6,9.4,92.7,25.9
189,Idaho,83,64,3,2,5,54,Idaho83,83514,76.63385779629763,3.5,6.9,26.9,26.2,14.5,14.5,7.4,89.6,22.0
190,Indiana,3,1090,9,3,76,1002,Indiana3,370404,294.2732799861773,4.1,6.5,28.4,22.7,9.4,19.3,9.6,89.3,28.8
191,Indiana,5,13,0,0,1,12,Indiana5,81402,15.97012358418712,3.6,9.4,29.2,16.9,7.6,18.9,14.4,87.0,33.3
192,Indiana,19,56,1,0,10,45,Indiana19,116031,48.26296420784101,3.2,8.1,33.8,25.6,8.9,13.2,7.2,88.7,20.4
193,Indiana,35,158,6,0,28,124,Indiana35,115603,136.67465377196095,2.5,7.5,36.7,22.0,8.6,12.5,10.1,89.9,22.6
194,Indiana,43,26,2,3,2,19,Indiana43,76990,33.77061956098195,3.2,7.3,31.1,22.2,8.2,17.9,10.1,89.5,28.0
195,Indiana,53,15,1,0,9,5,Indiana53,66937,22.409130973900833,4.1,10.2,39.2,22.4,7.5,9.3,7.3,85.6,16.6
196,Indiana,57,193,5,5,35,148,Indiana57,316373,61.00394155000585,1.0,3.2,15.5,16.2,6.6,37.0,20.6,95.8,57.6
197,Indiana,59,36,3,0,5,28,Indiana59,73717,48.83541109920372,1.0,5.1,32.4,20.9,10.0,21.7,8.7,93.8,30.4
198,Indiana,63,207,2,3,31,171,Indiana63,160610,128.88363115621692,1.1,6.4,28.5,16.5,9.9,23.7,13.8,92.4,37.5
199,Indiana,67,184,2,2,29,151,Indiana67,82568,222.84662338920646,1.6,7.4,39.1,22.7,7.9,12.9,8.4,91.0,21.3
200,Indiana,81,304,1,2,6,295,Indiana81,151982,200.02368701556765,2.6,7.2,30.7,18.9,8.3,20.2,12.2,90.3,32.4
201,Indiana,85,305,0,0,10,295,Indiana85,79092,385.62686491680574,7.0,11.7,35.1,17.8,7.5,12.5,8.4,81.3,20.9
202,Indiana,89,466,26,29,137,274,Indiana89,485846,95.9151665342516,3.5,7.6,35.0,22.7,9.1,14.3,7.8,88.8,22.1
203,Indiana,91,125,2,1,26,96,Indiana91,110015,113.62086988137982,2.5,7.6,39.6,22.2,9.9,12.1,6.1,89.9,18.2
204,Indiana,95,199,7,34,45,113,Indiana95,129296,153.91040712783072,3.1,9.5,40.4,21.2,8.8,11.6,5.4,87.5,17.0
205,Indiana,97,2063,66,56,570,1371,Indiana97,941229,219.18151693158626,4.7,8.2,28.2,21.0,7.9,19.9,10.2,87.1,30.1
206,Indiana,105,173,4,8,42,119,Indiana105,145496,118.90361247044594,1.8,7.0,24.2,16.4,7.2,24.0,19.5,91.1,43.4
207,Indiana,127,22,0,0,2,20,Indiana127,167791,13.111549487159621,2.6,5.8,33.1,22.9,9.7,16.8,9.0,91.6,25.8
208,Indiana,141,331,8,8,93,222,Indiana141,269141,122.98386347676497,3.9,8.5,32.1,20.2,7.1,17.1,11.1,87.6,28.2
209,Indiana,157,194,0,3,54,137,Indiana157,188059,103.15911495860342,2.8,5.6,26.3,20.9,7.5,21.4,15.6,91.6,37.0
210,Indiana,163,300,0,16,73,211,Indiana163,181721,165.08823966410046,2.4,10.0,30.4,21.7,9.9,15.8,9.8,87.6,25.6
211,Indiana,167,76,3,1,39,33,Indiana167,107931,70.41535796017826,3.4,8.2,31.2,23.2,8.4,15.8,9.8,88.4,25.6
212,Iowa,13,421,3,3,21,394,Iowa13,132904,316.7699993980617,3.6,5.1,31.7,21.5,9.9,18.4,9.7,91.3,28.1
213,Iowa,49,47,1,0,0,46,Iowa49,84516,55.61077192484264,3.3,1.7,16.6,18.1,10.7,32.6,17.0,95.0,49.6
214,Iowa,61,93,4,6,24,59,Iowa61,97003,95.8733235054586,2.2,5.0,33.0,22.0,8.7,18.7,10.4,92.8,29.1
215,Iowa,103,159,0,10,22,127,Iowa103,146547,108.49761509959261,3.1,3.1,15.7,16.3,7.8,28.1,26.0,93.8,54.0
216,Iowa,113,247,2,5,33,207,Iowa113,221661,111.43142005133966,1.8,4.0,26.4,20.4,12.0,25.2,10.2,94.2,35.4
217,Iowa,153,1427,26,40,96,1265,Iowa153,474045,301.0262738769526,4.2,5.0,23.7,22.2,9.1,24.3,11.5,90.8,35.8
218,Iowa,155,110,4,13,15,78,Iowa155,93582,117.54397213139279,1.6,6.9,33.5,24.6,11.7,14.1,7.4,91.5,21.6
219,Iowa,163,350,5,23,86,236,Iowa163,172474,202.92913714530886,2.1,4.6,31.7,19.6,10.7,19.0,12.3,93.4,31.3
220,Iowa,169,57,1,2,4,50,Iowa169,97090,58.708414872798436,0.4,2.0,18.5,15.8,8.4,31.5,23.3,97.5,54.8
221,Iowa,193,175,1,4,6,164,Iowa193,102779,170.26824545870264,6.2,9.0,30.2,21.7,10.2,14.0,8.6,84.8,22.6
222,Kansas,15,39,2,2,7,28,Kansas15,67025,58.18724356583364,1.3,7.3,27.2,23.6,11.7,19.7,9.2,91.4,29.0
223,Kansas,103,49,1,0,5,43,Kansas103,80204,61.094209765099,1.5,4.1,28.4,23.7,8.7,16.5,17.1,94.4,33.6
224,Kansas,161,49,1,8,3,37,Kansas161,73343,66.80937512782405,0.5,1.5,17.0,24.2,7.8,25.1,23.9,98.0,49.0
225,Kansas,173,896,30,36,140,690,Kansas173,511995,175.00170900106446,3.8,7.2,25.9,24.1,7.7,20.1,11.4,89.1,31.5
226,Kentucky,15,64,4,4,25,31,Kentucky15,128536,49.79149810169914,2.0,4.5,25.2,27.7,9.9,20.5,10.1,93.5,30.6
227,Kentucky,29,22,1,2,8,11,Kentucky29,79151,27.794974163308105,3.1,10.8,39.7,21.2,9.8,9.1,6.3,86.1,15.3
228,Kentucky,37,46,1,7,24,14,Kentucky37,92211,49.88558848727376,3.6,4.4,29.9,18.3,7.9,24.4,11.4,92.0,35.9
229,Kentucky,47,74,6,3,32,33,Kentucky47,72351,102.27916683943553,4.7,8.9,32.3,28.6,10.2,8.7,6.5,86.3,15.2
230,Kentucky,59,61,3,6,17,35,Kentucky59,99674,61.19951040391676,3.7,6.3,31.3,23.8,11.6,14.2,9.2,90.0,23.4
231,Kentucky,67,337,23,38,165,111,Kentucky67,318449,105.82542259514082,4.0,5.7,20.0,19.6,6.9,24.5,19.2,90.3,43.7
232,Kentucky,93,77,4,5,22,46,Kentucky93,107316,71.75071750717508,3.0,6.3,29.2,23.2,14.7,13.0,10.5,90.7,23.6
233,Kentucky,111,1572,81,43,508,940,Kentucky111,765352,205.39568721320384,2.9,7.1,26.0,23.8,8.2,19.1,12.8,90.0,32.0
234,Kentucky,117,124,3,12,53,56,Kentucky117,164945,75.17657400951832,3.6,7.4,27.1,24.0,7.3,20.2,10.5,89.0,30.6
235,Kentucky,145,65,3,5,20,37,Kentucky145,65162,99.75138884626008,3.0,8.1,28.2,23.7,16.5,13.1,7.3,88.9,20.4
236,Kentucky,151,73,1,16,28,28,Kentucky151,89547,81.5214356706534,5.4,8.2,29.2,19.1,9.7,17.2,11.3,86.5,28.5
237,Kentucky,185,17,1,2,4,10,Kentucky185,65560,25.93044539353264,1.3,3.9,20.7,25.1,8.0,25.6,15.4,94.8,41.0
238,Kentucky,227,69,6,8,17,38,Kentucky227,125532,54.96606442978683,4.6,7.3,26.7,20.9,8.7,18.4,13.3,88.1,31.8
239,Louisiana,5,144,4,6,8,126,Louisiana5,121587,118.4337141306225,3.6,9.0,32.3,21.1,9.5,15.6,9.0,87.5,24.6
240,Louisiana,15,159,10,5,51,93,Louisiana15,126057,126.13341583569337,2.9,8.4,29.0,25.5,7.9,17.2,9.0,88.7,26.2
241,Louisiana,17,545,12,41,106,386,Louisiana17,248851,219.00655412274813,4.1,9.9,34.2,22.5,7.1,13.4,8.8,86.0,22.2
242,Louisiana,19,290,5,20,42,223,Louisiana19,200601,144.56558043080543,4.3,10.3,33.4,23.9,7.7,12.5,7.9,85.3,20.4
243,Louisiana,33,1135,38,87,270,740,Louisiana33,447037,253.89397298210213,2.9,6.3,27.6,22.9,6.0,22.1,12.2,90.8,34.3
244,Louisiana,45,20,0,0,2,18,Louisiana45,73273,27.295183764824696,8.8,12.9,41.5,17.5,4.3,10.2,4.7,78.2,14.9
245,Louisiana,51,2440,46,40,140,2214,Louisiana51,436523,558.9625288930938,6.2,9.3,31.7,22.5,4.8,17.2,8.3,84.5,25.5
246,Louisiana,55,468,24,11,55,378,Louisiana55,241398,193.8707031541272,3.5,7.7,30.1,21.0,5.8,22.6,9.3,88.9,31.9
247,Louisiana,57,182,9,6,20,147,Louisiana57,98305,185.13809063628503,8.5,13.6,39.4,17.4,3.5,11.9,5.7,77.8,17.6
248,Louisiana,63,213,0,8,18,187,Louisiana63,140138,151.9930354364983,5.0,10.7,40.5,19.5,7.2,11.4,5.7,84.4,17.1
249,Louisiana,71,1490,62,74,394,960,Louisiana71,391495,380.59234472981774,4.1,10.2,21.8,21.0,4.6,22.2,16.2,85.7,38.4
250,Louisiana,73,358,12,14,82,250,Louisiana73,156983,228.05017103762827,3.1,12.4,37.3,21.3,5.0,13.0,7.9,84.5,20.9
251,Louisiana,79,502,15,11,72,404,Louisiana79,132424,379.08536216999937,5.0,9.1,37.0,23.0,4.7,14.0,7.2,85.9,21.2
252,Louisiana,97,291,8,15,69,199,Louisiana97,83883,346.91176996530885,9.9,13.7,43.3,13.6,5.0,10.0,4.5,76.3,14.5
253,Louisiana,103,352,8,32,40,272,Louisiana103,253602,138.80016719111046,2.7,7.5,26.9,25.4,6.5,20.3,10.8,89.8,31.1
254,Louisiana,105,486,16,17,92,361,Louisiana105,130710,371.81546935965116,4.4,15.9,33.1,20.5,6.0,14.0,6.1,79.7,20.1
255,Louisiana,109,212,10,14,31,157,Louisiana109,113220,187.24606959901078,9.7,10.7,40.3,19.3,5.3,11.2,3.5,79.6,14.8
256,Maine,1,73,0,6,18,49,Maine1,107319,68.02150597750631,3.5,6.0,38.1,21.6,9.1,13.3,8.3,90.5,21.7
257,Maine,3,60,4,3,3,50,Maine3,67959,88.28852690592858,5.8,6.7,35.3,21.9,10.3,14.3,5.7,87.5,20.0
258,Maine,5,189,3,10,45,131,Maine5,292041,64.71694042959722,1.6,3.3,23.8,16.7,9.0,27.4,18.2,95.1,45.6
259,Maine,11,67,1,2,20,44,Maine11,120569,55.569839676865534,3.6,5.6,34.0,19.7,10.5,15.0,11.5,90.8,26.5
260,Maine,19,84,1,11,20,52,Maine19,151806,55.333781273467444,2.2,4.5,36.1,21.6,10.6,16.8,8.2,93.3,25.0
261,Maine,31,126,1,7,15,103,Maine31,202343,62.270501079849566,2.4,4.7,31.2,20.8,10.5,20.0,10.5,93.0,30.4
262,Maryland,1,134,3,0,37,94,Maryland1,72130,185.77568279495355,2.7,6.6,40.7,20.2,11.9,9.5,8.5,90.7,17.9
263,Maryland,3,928,17,21,239,651,Maryland3,568346,163.28081837472243,1.4,5.3,23.8,19.7,7.5,24.8,17.6,93.3,42.3
264,Maryland,5,2180,32,107,767,1274,Maryland5,831026,262.32632914012316,2.9,5.4,26.8,19.7,7.2,22.2,15.9,91.7,38.1
265,Maryland,9,106,1,7,22,76,Maryland9,91251,116.16311054125435,1.3,4.6,31.7,25.6,6.7,14.0,16.1,94.1,30.1
266,Maryland,13,112,2,3,24,83,Maryland13,167656,66.8034546929427,2.1,6.2,30.4,19.8,7.5,22.3,11.8,91.7,34.0
267,Maryland,15,185,6,13,47,119,Maryland15,102603,180.3066187148524,2.4,8.9,35.6,22.7,6.3,14.4,9.6,88.6,23.9
268,Maryland,17,402,11,12,78,301,Maryland17,157705,254.90631241875656,2.5,3.9,35.0,23.6,7.7,14.6,12.8,93.6,27.4
269,Maryland,21,344,4,16,73,251,Maryland21,247591,138.93881441570977,3.2,5.0,24.9,17.9,8.2,22.2,18.6,91.8,40.8
270,Maryland,25,343,6,13,96,228,Maryland25,251032,136.63596672934128,3.1,5.1,26.6,21.5,7.6,22.1,14.1,91.9,36.2
271,Maryland,27,542,5,15,133,389,Maryland27,317233,170.85233881721007,2.0,2.2,14.2,13.8,6.0,29.0,32.9,95.8,61.9
272,Maryland,31,813,15,94,374,330,Maryland31,1043863,77.88378359995517,4.8,3.2,14.3,13.2,5.2,26.9,32.3,91.9,59.2
273,Maryland,33,937,50,30,310,547,Maryland33,908049,103.18826406944999,7.5,6.5,26.0,22.4,5.6,17.7,14.2,86.0,31.9
274,Maryland,37,127,3,4,12,108,Maryland37,112587,112.80165560855161,4.2,9.3,30.0,20.1,10.3,14.0,12.1,86.5,26.1
275,Maryland,43,433,6,3,110,314,Maryland43,150292,288.10582066909745,4.1,10.2,37.0,21.3,7.1,11.8,8.5,85.7,20.3
276,Maryland,45,345,11,19,106,209,Maryland45,102577,336.3327061622001,4.1,7.1,36.3,20.7,7.0,14.4,10.5,88.8,24.8
277,Massachusetts,1,386,2,19,23,342,Massachusetts1,214276,180.14149974798858,1.4,2.8,25.9,17.4,9.1,25.6,17.8,95.8,43.5
278,Massachusetts,3,223,0,12,15,196,Massachusetts3,126903,175.72476615998048,2.5,6.2,30.8,17.6,9.1,18.8,14.9,91.3,33.7
279,Massachusetts,5,881,2,27,103,749,Massachusetts5,558324,157.79368252126005,7.8,6.5,28.9,18.3,9.3,18.1,11.2,85.7,29.3
280,Massachusetts,9,1103,5,30,122,946,Massachusetts9,779018,141.5885127172928,5.8,5.3,24.9,17.0,8.6,22.8,15.6,88.9,38.4
281,Massachusetts,11,106,0,2,12,92,Massachusetts11,70382,150.60668921030944,1.0,4.6,29.3,18.3,10.1,18.6,18.1,94.4,36.6
282,Massachusetts,13,589,8,23,87,471,Massachusetts13,468467,125.72924026665699,6.1,8.2,29.7,19.4,10.3,16.1,10.3,85.7,26.4
283,Massachusetts,15,188,1,5,15,167,Massachusetts15,161816,116.18134177090029,2.3,3.5,24.6,14.9,8.8,22.4,23.4,94.2,45.8
284,Massachusetts,17,1192,4,27,158,1003,Massachusetts17,1589774,74.97921088154668,3.7,3.2,19.4,12.6,6.0,27.4,27.7,93.1,55.1
285,Massachusetts,21,651,2,28,74,547,Massachusetts21,697181,93.37603864706583,2.3,3.8,20.4,13.3,7.5,28.2,24.5,93.9,52.6
286,Massachusetts,23,885,1,50,80,754,Massachusetts23,513565,172.32482743177593,2.8,4.8,29.5,17.8,8.9,23.3,12.8,92.4,36.1
287,Massachusetts,25,2661,30,62,474,2095,Massachusetts25,784230,339.3137217397957,8.0,6.5,22.9,12.9,4.9,25.6,19.3,85.5,44.8
288,Massachusetts,27,1374,5,33,157,1179,Massachusetts27,819589,167.64500255615926,3.2,6.7,28.0,17.6,8.6,21.6,14.3,90.1,35.8
289,Michigan,5,166,0,12,11,143,Michigan5,115548,143.66323951950704,4.4,4.8,37.5,21.8,9.7,14.2,7.6,90.9,21.8
290,Michigan,17,149,3,6,13,127,Michigan17,104747,142.2475106685633,2.6,7.0,35.1,26.6,11.0,12.4,5.4,90.4,17.7
291,Michigan,21,172,3,9,17,143,Michigan21,154010,111.6810596714499,3.1,7.4,27.1,23.6,10.5,16.3,12.0,89.5,28.3
292,Michigan,25,284,2,13,17,252,Michigan25,134386,211.3315375113479,3.0,6.4,37.9,23.3,9.1,13.3,6.9,90.6,20.2
293,Michigan,37,18,0,4,1,13,Michigan37,77888,23.110106820049303,1.4,3.5,28.0,24.4,9.9,19.8,13.0,95.1,32.8
294,Michigan,45,85,2,6,15,62,Michigan45,109160,77.867350677904,2.2,5.0,27.7,28.0,11.5,17.5,8.0,92.8,25.6
295,Michigan,49,678,14,53,95,516,Michigan49,408615,165.9263609999633,2.1,7.3,32.5,26.6,11.5,12.5,7.6,90.7,20.1
296,Michigan,55,90,0,11,6,73,Michigan55,92084,97.73684896398942,1.4,3.9,24.9,26.3,10.7,18.8,14.0,94.7,32.8
297,Michigan,65,449,9,21,40,379,Michigan65,288051,155.8751748822257,2.4,5.4,22.3,23.4,8.3,20.1,18.1,92.2,38.2
298,Michigan,73,115,0,14,3,98,Michigan73,71282,161.33105131730312,3.7,4.7,29.1,22.6,9.7,16.7,13.6,91.7,30.3
299,Michigan,75,188,3,13,7,165,Michigan75,158460,118.64192856241321,2.1,7.2,28.6,29.1,11.2,15.2,6.7,90.7,21.9
300,Michigan,77,418,6,13,65,334,Michigan77,261654,159.7529561940578,1.9,4.4,22.9,23.8,9.1,21.7,16.3,93.7,37.9
301,Michigan,81,675,9,53,95,518,Michigan81,642173,105.1118623797637,4.5,5.5,24.6,21.3,9.4,23.2,11.5,90.0,34.7
302,Michigan,87,74,2,3,5,64,Michigan87,88340,83.76726284808694,3.4,7.4,38.4,22.3,10.9,11.6,6.0,89.2,17.6
303,Michigan,91,63,0,7,6,50,Michigan91,98504,63.95679363274588,2.6,6.2,36.9,23.6,8.5,13.7,8.4,91.2,22.1
304,Michigan,93,127,0,21,11,95,Michigan93,188624,67.32971414030028,1.7,3.6,27.6,23.4,9.7,23.1,11.0,94.7,34.1
305,Michigan,99,918,7,48,124,739,Michigan99,867730,105.7932767104975,3.6,6.1,31.2,23.4,10.8,16.7,8.1,90.2,24.8
306,Michigan,103,86,2,11,12,61,Michigan103,66435,129.44983818770226,2.4,2.9,29.7,23.2,8.6,22.9,10.2,94.6,33.2
307,Michigan,111,27,0,2,5,20,Michigan111,83462,32.350051520452425,1.6,4.2,27.9,23.3,9.3,21.0,12.7,94.2,33.7
308,Michigan,115,89,1,6,10,72,Michigan115,149208,59.64827623183744,2.2,6.8,35.7,24.2,11.8,13.4,5.9,91.0,19.3
309,Michigan,121,205,4,16,30,155,Michigan121,173408,118.21830596050933,2.7,7.9,34.9,26.1,11.9,11.3,5.3,89.5,16.6
310,Michigan,125,800,14,45,145,596,Michigan125,1243970,64.3102325618785,2.0,4.1,18.5,21.4,7.8,26.4,19.8,93.9,46.2
311,Michigan,139,171,1,24,12,134,Michigan139,282250,60.58458813108946,3.2,4.4,30.4,21.7,8.4,21.7,10.1,92.3,31.8
312,Michigan,145,273,4,6,30,233,Michigan145,192326,141.9464866944667,2.3,7.7,33.3,24.5,9.5,14.3,8.5,90.0,22.8
313,Michigan,147,193,1,6,26,160,Michigan147,159587,120.93716906765587,2.7,8.6,35.6,26.3,10.4,10.6,5.8,88.7,16.4
314,Michigan,155,57,0,2,3,52,Michigan155,68554,83.1461329754646,1.4,5.0,37.1,26.8,13.7,10.6,5.4,93.6,16.0
315,Michigan,159,105,1,11,5,88,Michigan159,75223,139.58496736370523,4.3,8.3,33.0,24.3,10.2,13.4,6.5,87.4,19.9
316,Michigan,161,397,4,26,70,297,Michigan161,364709,108.85390818433326,1.3,3.2,14.9,18.5,7.2,25.5,29.3,95.4,54.8
317,Michigan,163,3890,71,116,559,3144,Michigan163,1749366,222.36627441027207,4.4,9.8,29.9,24.7,8.1,13.7,9.3,85.7,23.0
318,Minnesota,3,204,6,32,43,123,Minnesota3,345957,58.966865824365456,1.8,4.1,29.5,23.6,13.8,19.0,8.2,94.1,27.2
319,Minnesota,13,102,0,13,13,76,Minnesota13,66441,153.51966406285277,1.9,3.9,29.0,20.7,11.8,21.5,11.2,94.2,32.7
320,Minnesota,19,44,0,1,12,31,Minnesota19,100262,43.885021244339825,0.6,1.8,18.2,18.8,12.7,35.5,12.4,97.6,47.9
321,Minnesota,37,441,0,52,68,321,Minnesota37,417486,105.63228467541427,2.5,3.2,19.8,21.5,12.0,28.3,12.7,94.3,41.0
322,Minnesota,53,1961,33,134,635,1159,Minnesota53,1232483,159.10969968754134,3.2,3.9,16.6,18.7,9.0,31.2,17.5,93.0,48.7
323,Minnesota,109,140,0,19,31,90,Minnesota109,153102,91.44230643623206,2.7,3.2,19.5,18.7,13.1,26.1,16.5,94.0,42.6
324,Minnesota,123,801,24,27,219,531,Minnesota123,540649,148.15527264454386,5.3,4.4,22.3,18.6,8.5,24.7,16.1,90.3,40.9
325,Minnesota,131,42,0,8,7,27,Minnesota131,65622,64.00292584803877,3.7,7.5,29.5,19.2,13.1,15.2,11.9,88.8,27.1
326,Minnesota,137,279,7,16,21,235,Minnesota137,199980,139.51395139513951,1.3,4.8,28.5,24.5,13.6,18.0,9.4,93.9,27.4
327,Minnesota,139,84,4,15,12,53,Minnesota139,143680,58.46325167037862,2.8,1.3,23.7,20.0,12.1,29.3,10.8,95.8,40.1
328,Minnesota,141,51,0,17,4,30,Minnesota141,93528,54.52912496792404,1.6,3.3,28.0,25.9,15.3,18.3,7.6,95.1,25.9
329,Minnesota,145,201,2,27,43,129,Minnesota145,155652,129.13422249633797,3.4,3.7,28.7,25.2,13.1,18.6,7.3,92.9,25.9
330,Minnesota,163,145,3,39,17,86,Minnesota163,253117,57.285761130228316,1.7,2.5,22.6,21.3,10.1,27.1,14.6,95.8,41.7
331,Minnesota,171,63,5,13,3,42,Minnesota171,132550,47.52923425122595,2.2,3.7,26.8,22.1,14.5,21.7,9.1,94.2,30.8
332,Mississippi,33,109,5,4,32,68,Mississippi33,175611,62.06900478899386,2.8,6.5,28.9,26.1,10.7,16.6,8.4,90.8,25.1
333,Mississippi,47,224,12,13,107,92,Mississippi47,203234,110.21777852131042,3.7,9.0,29.7,26.6,10.8,13.2,7.0,87.3,20.2
334,Mississippi,49,265,32,12,92,129,Mississippi49,241229,109.85412201683876,3.8,8.1,24.9,25.1,8.4,17.5,12.2,88.0,29.7
335,Mississippi,59,93,6,1,24,62,Mississippi59,141241,65.84490339207454,4.1,6.9,32.3,23.8,10.3,14.5,8.1,89.0,22.6
336,Mississippi,67,64,2,4,15,43,Mississippi67,67953,94.18274395538093,7.6,9.2,27.8,25.3,11.4,11.4,7.4,83.2,18.8
337,Mississippi,75,67,10,0,23,34,Mississippi75,77755,86.16809208411034,5.2,8.6,30.5,24.0,10.2,12.5,9.1,86.2,21.6
338,Mississippi,89,149,7,17,59,66,Mississippi89,105114,141.75086096999448,2.1,6.7,16.3,19.9,8.5,27.6,18.8,91.2,46.4
339,Mississippi,121,85,3,3,19,60,Mississippi121,150228,56.58066405729958,3.3,7.6,29.7,21.0,9.2,19.2,10.0,89.1,29.2
340,Missouri,19,225,7,18,66,134,Missouri19,176594,127.41089731247946,1.9,3.3,21.3,21.1,8.5,25.2,18.7,94.7,43.9
341,Missouri,21,179,12,7,37,123,Missouri21,88938,201.2638017495334,5.7,7.8,33.6,24.7,5.8,14.6,7.8,86.4,22.4
342,Missouri,31,223,8,2,23,190,Missouri31,78913,282.5896873772382,2.3,6.5,30.7,24.9,5.1,17.3,13.1,91.2,30.5
343,Missouri,37,93,3,10,13,67,Missouri37,102845,90.42734211677768,2.1,4.4,33.6,27.2,8.6,15.3,8.8,93.5,24.1
344,Missouri,43,96,1,6,8,81,Missouri43,84401,113.74272816672789,1.6,7.9,27.6,27.8,9.3,18.2,7.6,90.5,25.8
345,Missouri,47,105,2,4,16,83,Missouri47,239085,43.91743522178305,1.7,4.0,29.4,22.1,8.8,24.2,9.8,94.3,34.0
346,Missouri,51,135,1,4,23,107,Missouri51,76631,176.16891336404328,2.7,5.7,29.7,19.9,8.4,20.1,13.4,91.6,33.5
347,Missouri,51,135,1,4,23,107,Missouri51,76631,176.16891336404328,3.0,10.0,23.8,21.9,7.2,18.4,15.7,87.0,34.1
348,Missouri,71,97,4,3,11,79,Missouri71,102838,94.32311013438613,3.6,6.9,31.9,23.7,10.5,15.5,7.8,89.4,23.3
349,Missouri,77,647,2,29,133,483,Missouri77,288690,224.11583359312758,2.4,5.4,29.0,25.4,8.1,19.2,10.5,92.2,29.8
350,Missouri,95,1456,55,61,360,980,Missouri95,691801,210.46514821458774,3.0,6.0,29.6,23.3,7.0,19.8,11.3,91.0,31.1
351,Missouri,97,77,0,8,8,61,Missouri97,119111,64.6455826917749,4.3,8.8,36.2,21.9,7.7,14.8,6.3,86.9,21.1
352,Missouri,99,131,3,1,12,115,Missouri99,224226,58.42319802342279,2.4,10.2,31.5,25.2,12.1,13.1,5.5,87.4,18.6
353,Missouri,165,26,1,4,0,21,Missouri165,98309,26.447222533033596,1.7,3.3,20.7,23.5,8.1,28.2,14.5,95.1,42.8
354,Missouri,183,341,7,33,75,226,Missouri183,390918,87.2305700939839,1.2,3.6,24.1,22.6,9.1,25.6,13.8,95.2,39.4
355,Missouri,187,72,0,3,7,62,Missouri187,66627,108.06429825746318,4.0,10.8,39.9,24.5,7.4,9.2,4.3,85.2,13.5
356,Missouri,189,1843,27,131,453,1232,Missouri189,998581,184.5618933266305,2.2,4.6,21.2,20.6,7.9,24.9,18.6,93.1,43.5
357,Montana,13,91,2,7,5,77,Montana13,311404,29.22248911381999,2.8,6.0,29.9,27.0,11.1,17.0,6.3,91.2,23.3
358,Montana,29,68,4,3,6,55,Montana29,81755,83.17534095773958,0.6,5.1,28.1,24.5,11.4,19.2,11.1,94.3,30.3
359,Montana,31,63,1,5,3,54,Montana31,98082,64.2319691686548,1.4,2.7,16.9,19.6,10.0,32.8,16.5,95.9,49.3
360,Montana,49,113,1,12,15,85,Montana49,104502,108.13190178178408,0.7,2.6,24.9,23.9,10.3,23.7,13.9,96.7,37.6
361,Montana,63,99,0,4,12,83,Montana63,67282,147.14188044350644,0.9,5.7,20.4,23.4,8.5,25.3,15.7,93.4,41.1
362,Montana,111,211,0,2,19,190,Montana111,116130,181.69293033669163,1.9,4.3,32.8,21.5,7.6,22.1,9.8,93.8,31.9
363,Nebraska,55,754,26,131,185,412,Nebraska55,158437,475.898937748127,5.2,5.2,22.2,21.5,7.7,25.8,12.5,89.7,38.3
364,Nebraska,109,480,7,31,61,381,Nebraska109,554995,86.4872656510419,2.9,4.0,21.2,20.6,11.0,25.6,14.6,93.1,40.2
365,Nebraska,153,46,0,4,6,36,Nebraska153,309637,14.856105697962454,1.8,3.2,22.4,23.7,9.4,26.1,13.4,95.0,39.5
366,Nevada,3,5658,131,191,1689,3647,Nevada3,179023,3160.487758556163,6.5,8.0,29.7,25.0,7.5,15.6,7.6,85.5,23.3
367,Nevada,31,2086,12,51,176,1847,Nevada31,2155664,96.76832753156336,5.5,7.0,24.5,26.3,7.5,17.6,11.6,87.5,29.2
368,New Hampshire,5,49,1,5,9,34,New Hampshire5,453616,10.802088109766851,2.3,5.6,32.6,17.4,9.1,19.2,13.8,92.1,33.1
369,New Hampshire,9,41,1,0,5,35,New Hampshire9,75774,54.10826932720986,2.2,5.0,26.3,15.9,7.0,21.5,22.2,92.8,43.7
370,New Hampshire,11,421,1,24,95,301,New Hampshire11,88888,473.62973629736297,2.8,5.7,25.5,18.6,10.2,24.1,13.1,91.5,37.3
371,New Hampshire,13,69,0,6,13,50,New Hampshire13,407761,16.921677158923977,2.0,5.0,26.4,19.0,11.8,20.5,15.3,93.1,35.8
372,New Hampshire,15,109,1,8,19,81,New Hampshire15,148582,73.36016475750765,1.7,3.4,25.3,18.1,11.2,25.1,15.2,94.9,40.3
373,New Hampshire,17,86,1,3,19,63,New Hampshire17,303251,28.359345888389488,1.8,4.2,27.0,21.6,10.5,21.5,13.5,94.1,35.0
374,New Jersey,1,346,6,17,105,218,New Jersey1,127428,271.52588128197885,4.3,7.1,33.1,21.2,6.7,18.5,9.2,88.5,27.6
375,New Jersey,3,620,6,24,177,413,New Jersey3,270991,228.78988601097453,4.2,3.7,22.3,14.8,5.8,30.4,18.8,92.1,49.2
376,New Jersey,5,392,9,18,116,249,New Jersey5,939151,41.73982671583164,2.0,4.3,29.7,18.4,8.4,23.6,13.6,93.7,37.2
377,New Jersey,7,1191,38,68,304,781,New Jersey7,449284,265.088451847829,3.9,7.3,30.5,20.2,6.7,20.1,11.3,88.9,31.4
378,New Jersey,9,152,2,7,30,113,New Jersey9,510150,29.7951582867784,3.5,5.6,31.9,19.2,8.4,20.8,10.7,91.0,31.5
379,New Jersey,11,339,12,27,96,204,New Jersey11,94430,358.99608175367996,10.1,12.7,38.7,17.2,7.4,10.0,3.8,77.1,13.8
380,New Jersey,13,1744,48,22,601,1073,New Jersey13,153797,1133.9623009551553,7.2,6.9,27.9,17.8,6.0,20.1,14.0,85.8,34.1
381,New Jersey,15,225,3,11,76,135,New Jersey15,796914,28.233912316761913,2.7,4.9,34.1,18.0,9.3,20.6,10.5,92.4,31.0
382,New Jersey,17,1114,7,23,385,699,New Jersey17,292330,381.07618102828997,9.4,6.0,26.5,12.8,4.6,25.0,15.7,84.6,40.7
383,New Jersey,19,28,0,2,3,23,New Jersey19,677983,4.129897062315722,2.0,3.1,22.4,14.8,5.2,29.9,22.7,94.9,52.5
384,New Jersey,21,558,23,42,188,305,New Jersey21,124676,447.5600757162565,5.8,5.2,25.3,15.6,5.4,22.1,20.6,89.0,42.7
385,New Jersey,23,576,8,28,159,381,New Jersey23,371023,155.24644024763964,4.8,5.3,26.5,15.3,6.1,25.6,16.6,90.0,42.2
386,New Jersey,25,550,10,12,182,346,New Jersey25,837073,65.70514160652655,3.5,4.4,24.1,17.2,6.8,26.4,17.6,92.1,44.0
387,New Jersey,27,219,0,20,58,141,New Jersey27,625846,34.992633970657316,3.0,3.2,20.3,13.1,7.1,31.8,21.4,93.7,53.2
388,New Jersey,29,361,2,15,83,261,New Jersey29,498423,72.42843929754446,3.0,6.1,33.5,20.8,7.8,18.7,10.0,90.8,28.7
389,New Jersey,31,878,15,27,215,621,New Jersey31,592497,148.18640431934676,9.8,8.4,33.1,15.6,5.2,19.2,8.7,81.8,27.9
390,New Jersey,33,95,3,1,38,53,New Jersey33,507945,18.702812312356652,3.3,10.0,39.5,18.5,10.0,12.8,5.9,86.7,18.7
391,New Jersey,35,103,2,16,32,53,New Jersey35,63436,162.368371271833,3.5,3.7,21.2,13.7,6.4,27.9,23.7,92.8,51.5
392,New Jersey,37,47,0,2,3,42,New Jersey37,333751,14.082354809423792,1.7,3.7,32.3,20.3,8.0,23.9,10.1,94.5,34.0
393,New Jersey,39,529,7,15,184,323,New Jersey39,142522,371.170766618487,7.7,6.3,28.6,16.3,6.1,21.6,13.4,86.0,34.9
394,New Jersey,41,54,0,1,10,43,New Jersey41,555630,9.718697694508936,5.2,5.7,30.9,19.5,7.6,21.3,9.9,89.1,31.2
395,New Mexico,1,2264,44,38,269,1913,New Mexico1,106617,2123.488749448962,4.3,6.8,23.6,23.4,8.4,18.7,14.9,88.9,33.6
396,New Mexico,5,137,7,10,11,109,New Mexico5,676953,20.237741763460683,13.1,11.3,25.6,18.2,9.5,15.9,6.4,75.6,22.3
397,New Mexico,13,287,3,24,14,246,New Mexico13,65282,439.63113875187645,11.6,8.4,23.8,22.4,7.7,15.8,10.3,80.0,26.1
398,New Mexico,25,132,3,10,13,106,New Mexico25,214207,61.622636048308415,16.9,13.1,29.5,19.4,6.9,10.2,4.0,70.0,14.3
399,New Mexico,31,147,0,1,6,140,New Mexico31,69749,210.7557097592797,10.2,16.5,34.1,22.7,6.7,5.2,4.6,73.3,9.8
400,New Mexico,35,139,2,6,5,126,New Mexico35,74923,185.52380443922425,5.1,8.9,28.8,28.1,11.1,10.5,7.5,86.0,18.0
401,New Mexico,43,150,2,4,12,132,New Mexico43,65410,229.32273352698363,3.0,8.2,22.0,24.3,10.8,18.5,13.2,88.8,31.7
402,New Mexico,45,372,5,14,19,334,New Mexico45,142025,261.92571730329166,6.0,8.6,28.6,30.0,10.2,9.1,7.5,85.3,16.6
403,New Mexico,49,141,0,3,23,115,New Mexico49,115079,122.52452662953276,5.3,5.0,24.2,18.0,5.7,21.8,19.9,89.7,41.7
404,New Mexico,61,291,2,2,3,284,New Mexico61,148651,195.7605397878252,4.4,12.1,33.6,24.5,7.6,11.4,6.4,83.5,17.8
405,New York,1,574,3,43,156,372,New York1,75626,758.9982281226033,2.5,5.9,22.9,14.8,11.3,22.1,20.5,91.6,42.6
406,New York,5,5004,99,168,1554,3183,New York5,308846,1620.2249664881526,14.0,14.0,28.6,17.8,7.3,12.0,6.3,72.0,18.4
407,New York,7,314,8,28,63,215,New York7,1455720,21.570082158656884,2.6,7.1,31.0,18.3,11.4,16.1,13.6,90.3,29.7
408,New York,9,82,1,16,5,60,New York9,195334,41.97937890996959,3.7,8.2,39.6,16.8,13.0,9.6,9.2,88.1,18.8
409,New York,11,80,0,27,9,44,New York11,77677,102.99058923490865,2.9,10.1,31.3,19.0,13.3,14.9,8.4,87.0,23.3
410,New York,13,176,1,14,27,134,New York13,77861,226.0438473690294,4.1,7.9,36.0,17.8,12.6,11.7,9.8,87.9,21.5
411,New York,15,102,3,12,18,69,New York15,129504,78.76204595997035,3.5,5.3,33.3,18.7,11.7,14.6,12.9,91.2,27.5
412,New York,19,66,0,10,3,53,New York19,86322,76.45791339403628,3.3,7.9,38.1,17.4,12.0,10.7,10.6,88.8,21.3
413,New York,27,247,3,22,52,170,New York27,81073,304.66369814858217,2.6,7.7,26.3,17.3,11.3,19.8,15.0,89.7,34.8
414,New York,29,1849,20,66,551,1212,New York29,294473,627.9013695652912,2.6,6.0,28.3,17.6,12.3,18.8,14.4,91.4,33.2
415,New York,45,87,2,13,4,68,New York45,921046,9.445782295346813,3.0,5.4,37.7,21.7,11.6,12.1,8.6,91.6,20.6
416,New York,47,9029,178,303,2804,5744,New York47,114006,7919.7586091960075,8.9,9.8,25.1,13.5,6.2,22.0,14.4,81.3,36.4
417,New York,51,52,2,7,7,36,New York51,2629150,1.9778255329669285,1.4,8.9,33.6,18.7,11.9,15.1,10.4,89.6,25.5
418,New York,53,64,2,24,6,32,New York53,64257,99.60004357501906,2.1,6.5,34.3,14.7,13.2,17.0,12.1,91.4,29.2
419,New York,55,1113,22,70,319,702,New York55,71329,1560.3751629771903,3.2,6.8,22.7,18.1,11.8,21.0,16.4,90.1,37.4
420,New York,59,1360,65,27,437,831,New York59,747727,181.88456482111786,4.9,3.6,23.1,15.4,8.0,24.7,20.2,91.5,44.9
421,New York,61,5663,112,190,1758,3603,New York61,1361500,415.93830334190227,7.2,5.6,12.7,10.1,4.0,31.3,29.2,87.2,60.4
422,New York,63,393,2,19,93,279,New York63,1643734,23.90897797332172,2.4,6.2,33.9,20.1,13.1,14.4,9.9,91.4,24.3
423,New York,65,322,3,38,58,223,New York65,211758,152.06037080063092,4.2,8.1,32.3,16.7,12.1,16.4,10.2,87.6,26.6
424,New York,67,863,29,46,224,564,New York67,231190,373.2860417838142,3.3,6.2,25.2,18.6,11.8,19.7,15.3,90.5,34.9
425,New York,69,99,0,31,19,49,New York69,466194,21.235794540470277,2.1,4.8,28.3,17.8,13.3,18.5,15.3,93.2,33.8
426,New York,71,472,8,31,107,326,New York71,109828,429.76290199220597,4.1,6.6,29.6,20.1,10.6,16.3,12.7,89.3,29.0
427,New York,75,171,0,45,19,107,New York75,379210,45.09374752775507,3.8,9.3,38.6,18.9,11.6,9.7,8.0,86.9,17.7
428,New York,79,33,0,2,10,21,New York79,118987,27.734122215031892,4.0,3.2,25.2,13.6,10.5,24.2,19.2,92.7,43.3
429,New York,81,8024,158,269,2492,5105,New York81,98900,8113.245702730031,10.1,8.3,27.9,14.3,7.9,19.5,11.9,81.6,31.4
430,New York,83,240,12,11,51,166,New York83,2333054,10.28694578008053,3.6,5.1,26.9,17.3,13.9,19.1,14.0,91.2,33.1
431,New York,85,1626,32,55,505,1034,New York85,160070,1015.8055850565378,4.8,6.7,30.5,18.2,7.4,19.4,13.1,88.6,32.5
432,New York,87,271,2,27,69,173,New York87,476015,56.930979065785735,7.4,7.0,21.7,16.5,7.9,21.5,18.0,85.7,39.6
433,New York,89,104,1,19,18,66,New York89,326780,31.82569312687435,3.6,8.9,35.3,16.9,11.9,11.0,12.4,87.5,23.4
434,New York,91,165,0,25,17,123,New York91,110038,149.94819971282647,1.9,4.3,24.4,17.3,11.4,24.1,16.7,93.8,40.7
435,New York,93,388,8,26,77,277,New York93,227053,170.88521182279027,3.6,7.0,32.9,14.9,11.2,18.6,11.7,89.3,30.4
436,New York,101,89,2,15,5,67,New York101,154553,57.5854237704865,3.2,7.4,36.2,17.2,13.4,11.9,10.9,89.5,22.7
437,New York,103,1182,17,118,349,698,New York103,96940,1219.3109139674025,4.1,5.1,29.0,17.6,9.4,19.1,15.7,90.8,34.8
438,New York,105,117,13,14,16,74,New York105,1492583,7.838760055554699,4.4,9.7,30.8,21.7,11.2,11.8,10.5,86.0,22.3
439,New York,111,192,4,21,24,143,New York111,74801,256.68106041363086,3.9,5.5,29.9,17.5,10.4,18.3,14.6,90.6,32.8
440,New York,113,69,2,17,10,40,New York113,179225,38.499093318454456,2.7,5.1,33.6,20.4,8.4,17.9,12.0,92.2,29.9
441,New York,117,70,1,11,9,49,New York117,64567,108.41451515480043,4.2,6.3,32.7,20.8,14.3,11.9,9.8,89.5,21.6
442,New York,119,1139,16,47,399,677,New York119,90798,1254.4329170246042,6.9,5.9,19.4,13.9,6.3,24.1,23.5,87.2,47.6
443,North Carolina,1,285,17,5,42,221,North Carolina1,974542,29.244506650303425,4.8,9.0,25.5,26.4,11.8,15.1,7.4,86.2,22.4
444,North Carolina,19,76,1,3,12,60,North Carolina19,159688,47.59280597164471,2.1,6.4,29.2,23.6,11.6,17.4,9.7,91.5,27.1
445,North Carolina,21,451,9,5,73,364,North Carolina21,126953,355.2495805534332,2.6,6.7,23.7,21.3,8.0,23.0,14.7,90.6,37.7
446,North Carolina,23,269,14,7,26,222,North Carolina23,256088,105.04201680672269,8.0,10.9,31.7,22.2,11.1,11.2,5.0,81.1,16.2
447,North Carolina,25,182,5,2,60,115,North Carolina25,88851,204.83731190419917,4.4,6.6,22.7,24.4,10.0,20.3,11.5,89.0,31.9
448,North Carolina,27,164,1,4,11,148,North Carolina27,201590,81.35324172826033,6.0,15.5,33.4,21.4,10.2,9.4,4.2,78.5,13.5
449,North Carolina,31,34,1,0,6,27,North Carolina31,81449,41.74391336910214,4.2,4.1,29.0,26.7,10.4,14.5,11.1,91.7,25.6
450,North Carolina,35,314,16,2,61,235,North Carolina35,68890,455.7991000145159,4.4,10.0,30.4,22.4,11.8,14.4,6.5,85.6,21.0
451,North Carolina,37,53,1,4,4,44,North Carolina37,156459,33.874689215705075,6.0,6.5,20.1,16.2,8.7,21.7,20.8,87.5,42.5
452,North Carolina,45,118,14,0,10,94,North Carolina45,72243,163.33762440651688,4.7,11.6,30.1,22.8,10.9,10.9,9.0,83.7,19.9
453,North Carolina,49,44,0,0,15,29,North Carolina49,97144,45.29358478135551,4.9,8.1,23.8,22.9,13.9,17.2,9.2,87.0,26.4
454,North Carolina,51,988,65,53,298,572,North Carolina51,103445,955.0969114021945,3.1,6.2,25.9,28.1,11.4,16.7,8.7,90.8,25.4
455,North Carolina,57,300,13,4,55,228,North Carolina57,327127,91.7075019793536,5.8,11.0,33.4,23.0,9.5,12.4,4.9,83.3,17.3
456,North Carolina,63,470,28,6,140,296,North Carolina63,164926,284.97629239780264,5.1,7.3,17.7,15.1,7.0,26.1,21.7,87.6,47.8
457,North Carolina,67,483,24,16,98,345,North Carolina67,306212,157.73385758886,4.6,6.2,24.6,21.5,8.8,21.5,12.8,89.3,34.3
458,North Carolina,71,369,9,5,91,264,North Carolina71,371511,99.32411153370964,4.6,11.4,30.1,22.1,10.2,15.2,6.5,84.1,21.7
459,North Carolina,81,1251,33,23,371,824,North Carolina81,216965,576.5906943516235,5.3,6.9,24.7,21.4,7.2,22.0,12.4,87.8,34.5
460,North Carolina,85,204,8,16,47,133,North Carolina85,521330,39.13068497880421,4.5,8.2,29.7,25.7,12.0,13.2,6.7,87.3,19.9
461,North Carolina,89,135,7,2,27,99,North Carolina89,130881,103.14713365576362,4.8,7.0,26.1,22.5,9.2,19.1,11.3,88.2,30.4
462,North Carolina,97,316,5,10,74,227,North Carolina97,114209,276.685725293103,4.7,7.4,29.6,21.7,10.3,19.0,7.4,87.9,26.4
463,North Carolina,101,209,10,8,37,154,North Carolina101,172916,120.86793587637928,4.8,9.1,27.0,21.8,13.2,17.4,6.6,86.0,24.0
464,North Carolina,109,94,0,1,10,83,North Carolina109,191450,49.09898145729956,3.4,8.3,32.1,26.3,9.0,14.6,6.3,88.3,21.0
465,North Carolina,119,2838,56,27,878,1877,North Carolina119,81168,3496.451803666469,4.1,5.3,17.2,20.2,8.6,29.8,14.8,90.6,44.6
466,North Carolina,125,76,4,5,24,43,North Carolina125,1054835,7.204918304758563,2.8,4.4,21.8,22.4,10.9,23.3,14.5,92.8,37.8
467,North Carolina,127,223,4,5,46,168,North Carolina127,95776,232.83494821249585,5.3,11.7,33.9,17.2,11.5,11.6,8.7,82.9,20.3
468,North Carolina,129,465,20,14,88,343,North Carolina129,94005,494.6545396521462,1.8,6.1,23.2,21.1,8.7,26.5,12.5,92.2,39.1
469,North Carolina,133,147,15,2,21,109,North Carolina133,223483,65.776815238743,2.2,7.1,29.2,31.1,11.7,13.3,5.3,90.7,18.6
470,North Carolina,135,190,8,13,50,119,North Carolina135,187136,101.53043775649796,4.2,4.3,12.8,14.7,6.0,26.0,32.1,91.5,58.0
471,North Carolina,147,350,19,9,103,219,North Carolina147,141796,246.83347908262573,3.1,6.9,22.7,24.4,11.4,18.6,13.1,90.1,31.6
472,North Carolina,155,301,20,2,66,213,North Carolina155,177220,169.84538991084528,7.4,14.7,35.1,21.3,8.3,9.6,3.7,77.9,13.2
473,North Carolina,157,162,5,1,39,117,North Carolina157,133235,121.58967238338275,4.8,14.6,33.9,24.2,8.1,9.6,4.8,80.5,14.4
474,North Carolina,159,559,12,1,54,492,North Carolina159,91393,611.6442178284989,5.0,8.9,31.9,25.5,8.9,14.9,4.9,86.1,19.8
475,North Carolina,161,228,4,0,10,214,North Carolina161,139933,162.93511894978312,6.2,11.2,33.1,19.9,11.4,12.5,5.7,82.6,18.2
476,North Carolina,171,105,2,6,6,91,North Carolina171,66421,158.08253413829965,11.3,12.5,29.7,20.9,10.6,9.9,5.1,76.2,15.0
477,North Carolina,179,131,12,0,40,79,North Carolina179,72113,181.65934020218268,3.7,8.5,24.6,21.0,8.3,23.5,10.4,87.7,33.9
478,North Carolina,183,1552,56,30,466,1000,North Carolina183,226606,684.8891909305138,3.2,3.8,14.2,17.3,8.3,33.7,19.5,93.0,53.2
479,North Carolina,191,255,20,8,39,188,North Carolina191,1046791,24.360163585663233,6.9,9.6,30.1,21.9,13.8,11.7,5.9,83.5,17.6
480,North Carolina,193,113,6,3,10,94,North Carolina193,124150,91.0189287152638,6.2,11.4,33.3,24.1,9.9,10.3,4.8,82.4,15.1
481,North Carolina,195,232,8,6,54,164,North Carolina195,68740,337.5036368926389,8.7,12.0,34.0,18.2,8.5,12.9,5.5,79.3,18.5
482,North Dakota,15,99,2,2,13,82,North Dakota15,81661,121.23290187482398,2.3,5.4,22.9,19.9,16.1,25.0,8.4,92.3,33.4
483,North Dakota,17,182,2,13,30,137,North Dakota17,94487,192.61909045688824,1.9,3.5,18.8,20.6,14.0,29.5,11.6,94.6,41.1
484,North Dakota,35,79,1,3,12,63,North Dakota35,175249,45.078716568996114,1.2,4.1,26.9,20.9,13.8,23.4,9.8,94.7,33.1
485,North Dakota,101,53,1,3,11,38,North Dakota101,71083,74.56072478651717,2.2,4.7,32.6,23.0,9.6,20.5,7.3,93.1,27.8
486,Ohio,3,722,3,12,37,670,Ohio3,70210,1028.343540806153,1.5,10.2,37.8,20.3,13.6,10.0,6.7,88.2,16.6
487,Ohio,7,49,2,2,15,30,Ohio7,103742,47.23255769119547,5.9,9.3,42.6,20.6,8.0,8.2,5.4,84.8,13.6
488,Ohio,9,26,0,2,7,17,Ohio9,98231,26.4682228624365,2.7,10.0,36.5,16.9,7.9,14.1,12.0,87.3,26.0
489,Ohio,13,17,1,2,2,12,Ohio13,66186,25.685190221496995,3.1,7.2,39.4,19.5,11.8,12.3,6.7,89.7,19.1
490,Ohio,17,304,19,20,87,178,Ohio17,68673,442.67761711298476,2.9,7.4,32.1,20.8,7.1,19.3,10.4,89.6,29.6
491,Ohio,23,126,5,10,42,69,Ohio23,377537,33.37421232885784,1.6,10.1,38.8,23.1,8.5,11.6,6.3,88.3,17.9
492,Ohio,25,85,1,4,16,64,Ohio25,134786,63.062929384357425,3.7,8.5,31.3,19.5,8.9,17.9,10.2,87.8,28.2
493,Ohio,29,28,1,1,6,20,Ohio29,203022,13.79160879116549,2.7,8.9,43.5,20.6,11.3,8.4,4.7,88.4,13.1
494,Ohio,35,1108,32,66,342,668,Ohio35,103685,1068.6213049139221,2.5,7.5,29.0,22.3,7.5,18.2,13.0,90.0,31.2
495,Ohio,41,81,1,13,33,34,Ohio41,1249352,6.483360974329092,1.0,2.7,20.1,15.3,6.0,34.3,20.6,96.2,54.9
496,Ohio,43,50,0,1,21,28,Ohio43,196463,25.45008474878221,1.5,6.7,37.5,22.7,9.9,13.5,8.2,91.9,21.7
497,Ohio,45,31,0,0,9,22,Ohio45,75107,41.27444845353962,2.2,5.4,32.4,22.4,10.4,17.1,10.1,92.4,27.3
498,Ohio,49,811,46,68,380,317,Ohio49,152597,531.4652319508248,2.8,6.4,25.5,19.1,7.0,25.1,14.0,90.8,39.1
499,Ohio,55,14,1,1,3,9,Ohio55,1264518,1.1071412190257475,9.2,2.4,26.1,18.6,7.6,23.3,12.8,88.4,36.1
500,Ohio,57,56,2,7,13,34,Ohio57,94060,59.53646608547736,2.1,4.2,24.6,23.5,8.6,19.8,17.2,93.7,37.0
501,Ohio,61,870,29,81,303,457,Ohio61,164765,528.0247625405881,2.5,6.4,26.7,19.4,8.1,21.7,15.2,91.1,36.9
502,Ohio,63,32,1,0,6,25,Ohio63,809099,3.9550166296089846,1.5,4.1,36.0,21.9,10.8,16.3,9.4,94.4,25.7
503,Ohio,81,46,1,0,9,36,Ohio81,75872,60.628426824124844,3.2,8.5,44.1,17.2,10.5,11.4,5.1,88.3,16.5
504,Ohio,85,898,5,28,72,793,Ohio85,66704,1346.2461021827776,1.9,5.7,31.9,22.6,9.1,17.5,11.1,92.4,28.7
505,Ohio,89,36,1,3,10,22,Ohio89,228614,15.747067108750993,1.6,6.9,34.2,21.8,10.4,16.7,8.3,91.4,25.0
506,Ohio,93,192,7,15,67,103,Ohio93,172198,111.49955284033497,2.4,8.7,30.3,21.8,12.2,14.9,9.7,88.8,24.5
507,Ohio,99,119,1,1,36,81,Ohio99,306365,38.84255708060647,2.0,7.1,37.4,21.7,6.7,17.1,8.0,90.8,25.1
508,Ohio,101,48,1,3,15,29,Ohio101,230008,20.868839344718445,1.5,11.4,45.8,22.3,7.3,7.9,3.8,87.1,11.7
509,Ohio,103,38,3,3,3,29,Ohio103,65096,58.37532260046701,1.1,3.9,31.0,21.9,8.9,22.6,10.5,95.0,33.1
510,Ohio,109,54,2,4,24,24,Ohio109,177221,30.47042957663031,3.0,7.4,36.6,21.1,10.2,12.3,9.4,89.6,21.7
511,Ohio,113,703,28,57,238,380,Ohio113,104679,671.576916095874,2.8,7.6,27.8,26.3,10.0,16.0,9.7,89.7,25.7
512,Ohio,119,66,1,11,24,30,Ohio119,531239,12.42378665722961,3.5,10.7,41.8,21.3,10.0,8.0,4.7,85.8,12.7
513,Ohio,133,140,3,15,52,70,Ohio133,86068,162.66208114514106,1.7,5.2,36.2,19.2,8.1,17.5,12.1,93.1,29.6
514,Ohio,139,69,5,8,22,34,Ohio139,161921,42.613373188159656,2.8,10.3,39.9,21.6,7.8,11.7,5.9,86.8,17.6
515,Ohio,141,67,1,4,9,53,Ohio141,121107,55.32297885341062,2.7,9.5,43.9,20.3,7.5,10.8,5.3,87.8,16.1
516,Ohio,145,22,0,1,3,18,Ohio145,77000,28.571428571428573,3.7,9.2,42.3,22.5,8.6,8.1,5.7,87.1,13.8
517,Ohio,151,252,3,12,48,189,Ohio151,76088,331.1954578908632,2.4,6.3,38.5,20.8,7.8,14.8,9.4,91.2,24.2
518,Ohio,153,525,19,31,189,286,Ohio153,373612,140.52011177371176,2.7,5.8,31.5,19.2,9.4,20.1,11.2,91.5,31.4
519,Ohio,155,97,5,5,23,64,Ohio155,540300,17.95298908014066,3.5,6.7,44.6,18.5,7.0,13.8,5.8,89.8,19.6
520,Ohio,157,18,2,2,1,13,Ohio157,201825,8.918617614269788,6.9,7.2,43.5,17.5,6.3,11.9,6.7,85.9,18.6
521,Ohio,165,65,1,2,14,48,Ohio165,92420,70.33109716511576,2.0,5.3,25.8,15.9,8.2,27.8,15.1,92.7,42.9
522,Ohio,169,38,2,3,8,25,Ohio169,227063,16.735443467231562,6.0,6.7,40.0,18.3,8.5,12.7,7.8,87.3,20.5
523,Ohio,173,38,0,2,11,25,Ohio173,116470,32.62642740619902,0.9,5.3,28.3,20.7,10.3,19.2,15.2,93.8,34.5
524,Oklahoma,17,66,0,2,3,61,Oklahoma17,130219,50.68384797917354,3.0,5.7,29.3,26.1,9.6,20.1,6.2,91.3,26.3
525,Oklahoma,27,168,5,6,23,134,Oklahoma27,136532,123.04807664137346,1.8,6.1,23.3,25.9,9.7,21.5,11.7,92.0,33.2
526,Oklahoma,31,146,3,2,16,125,Oklahoma31,278655,52.39453804884176,2.1,9.3,32.9,27.2,8.0,12.3,8.3,88.7,20.6
527,Oklahoma,37,36,2,5,0,29,Oklahoma37,122136,29.475338966398112,3.0,10.4,42.0,21.2,7.2,12.1,4.2,86.6,16.2
528,Oklahoma,101,120,1,1,8,110,Oklahoma101,71312,168.27462418667264,3.1,10.1,35.5,22.5,8.1,14.8,5.8,86.8,20.7
529,Oklahoma,109,1677,61,66,327,1223,Oklahoma109,69477,2413.748434733797,5.5,7.7,25.4,23.3,6.9,19.9,11.3,86.8,31.2
530,Oklahoma,119,60,2,3,5,50,Oklahoma119,782970,7.6631288555117045,2.9,5.5,25.4,22.7,7.1,18.5,18.0,91.7,36.5
531,Oklahoma,125,150,5,5,4,136,Oklahoma125,81131,184.8861717469278,2.5,10.4,36.7,25.1,8.4,11.7,5.2,87.1,16.9
532,Oklahoma,131,120,10,9,14,87,Oklahoma131,72290,165.9980633559275,2.4,5.8,33.5,25.6,9.9,15.9,7.0,91.8,22.8
533,Oklahoma,143,1021,64,36,159,762,Oklahoma143,91766,1112.6125144388989,4.4,6.4,25.9,23.6,8.5,21.1,10.1,89.2,31.2
534,Oklahoma,145,28,0,2,3,23,Oklahoma145,642940,4.354994245186177,2.0,7.5,33.5,24.0,7.9,18.2,7.0,90.5,25.1
535,Oregon,3,58,2,5,10,41,Oregon3,77679,74.6662547149165,1.2,3.0,10.5,23.4,7.6,29.6,24.6,95.8,54.2
536,Oregon,5,221,5,4,62,150,Oregon5,89385,247.24506348939977,2.4,3.9,20.5,27.2,10.0,22.9,13.1,93.7,36.0
537,Oregon,17,106,1,8,21,76,Oregon17,408062,25.976444755943948,1.2,6.5,28.1,22.5,8.9,20.2,12.5,92.3,32.8
538,Oregon,19,86,1,5,6,74,Oregon19,181307,47.43335888851506,2.8,8.2,31.3,29.9,10.3,9.4,8.1,89.0,17.5
539,Oregon,29,344,4,16,96,228,Oregon29,108457,317.17639248734525,4.0,7.2,25.1,30.2,6.9,16.7,9.9,88.8,26.5
540,Oregon,33,61,2,4,13,42,Oregon33,216527,28.172006262498442,1.1,10.8,27.5,32.9,8.2,12.8,6.8,88.0,19.5
541,Oregon,39,676,9,12,124,531,Oregon39,85904,786.9249394673124,2.2,6.4,24.5,28.4,9.7,17.3,11.5,91.4,28.8
542,Oregon,43,67,0,6,20,41,Oregon43,369519,18.13167929118665,2.4,5.9,27.8,34.7,7.5,14.5,7.2,91.7,21.7
543,Oregon,47,612,14,21,88,489,Oregon47,122849,498.17255329713714,8.0,6.7,26.7,27.4,8.5,14.8,7.9,85.3,22.7
544,Oregon,51,879,20,21,262,576,Oregon51,336316,261.36133874094605,4.1,4.8,16.4,22.5,7.1,27.3,17.9,91.2,45.2
545,Oregon,53,51,1,3,1,46,Oregon53,799766,6.376865233080677,3.6,6.0,24.2,26.9,9.6,17.4,12.3,90.5,29.7
546,Oregon,59,74,0,7,4,63,Oregon59,81823,90.43911858523886,9.2,9.0,28.5,28.0,9.5,8.2,7.5,81.7,15.7
547,Oregon,67,369,4,22,77,266,Oregon67,76456,482.63053259391023,4.0,4.5,17.8,21.7,9.0,26.0,17.0,91.5,43.0
548,Oregon,71,52,1,7,6,38,Oregon71,582779,8.922764890292889,2.9,7.9,27.3,26.6,8.8,18.4,8.0,89.2,26.5
549,Pennsylvania,1,83,1,1,5,76,Pennsylvania1,105035,79.02127862141191,4.9,8.4,40.6,15.7,8.7,12.2,9.4,86.7,21.6
550,Pennsylvania,3,2413,43,75,625,1670,Pennsylvania3,102180,2361.5188882364455,1.7,3.9,27.3,16.1,9.4,24.8,16.7,94.4,41.5
551,Pennsylvania,5,43,0,6,6,31,Pennsylvania5,1225365,3.5091584956319135,2.4,9.0,47.1,15.5,9.7,10.4,5.8,88.5,16.2
552,Pennsylvania,7,218,8,3,19,188,Pennsylvania7,66486,327.88857804650604,1.6,6.0,36.5,18.1,12.2,17.7,7.9,92.4,25.7
553,Pennsylvania,11,712,10,16,131,555,Pennsylvania11,167429,425.2548841598528,5.9,7.7,37.3,15.7,8.4,16.1,8.9,86.4,25.0
554,Pennsylvania,13,157,1,6,25,125,Pennsylvania13,414812,37.84847111462542,1.7,6.6,48.1,17.3,8.0,13.1,5.3,91.7,18.3
555,Pennsylvania,17,366,9,15,122,220,Pennsylvania17,124650,293.62214199759325,2.0,4.4,29.6,15.9,7.9,24.0,16.1,93.6,40.1
556,Pennsylvania,19,122,0,8,20,94,Pennsylvania19,626399,19.47640401724779,1.5,3.5,31.9,16.6,10.1,22.8,13.5,95.0,36.4
557,Pennsylvania,21,130,2,6,14,108,Pennsylvania21,186847,69.57564210289702,2.4,5.7,43.5,15.7,10.5,13.5,8.7,91.9,22.2
558,Pennsylvania,25,100,0,9,7,84,Pennsylvania25,134732,74.22141733218538,2.9,8.1,46.4,15.8,9.7,11.3,6.0,89.1,17.3
559,Pennsylvania,27,83,2,8,11,62,Pennsylvania27,63594,130.51545743309117,1.8,3.0,29.3,11.0,6.7,26.5,21.8,95.2,48.3
560,Pennsylvania,29,367,7,22,74,264,Pennsylvania29,161464,227.29524847644058,2.6,4.1,21.8,13.6,6.8,31.2,19.9,93.3,51.1
561,Pennsylvania,33,75,0,3,6,66,Pennsylvania33,516312,14.52610049737368,4.3,9.7,49.3,13.3,9.3,8.8,5.3,86.0,14.1
562,Pennsylvania,37,51,0,2,3,46,Pennsylvania37,80596,63.27857461908779,2.4,8.3,40.6,17.6,8.2,13.7,9.2,89.3,22.9
563,Pennsylvania,39,67,0,5,19,43,Pennsylvania39,66420,100.87323095453176,3.4,7.1,46.2,13.6,7.6,12.6,9.5,89.5,22.1
564,Pennsylvania,41,73,1,9,21,42,Pennsylvania41,86257,84.6308125717333,2.1,6.3,31.2,16.6,7.6,22.8,13.2,91.5,36.0
565,Pennsylvania,43,679,16,43,117,503,Pennsylvania43,248506,273.2328394485445,3.2,6.7,32.3,16.7,8.7,20.2,12.2,90.0,32.5
566,Pennsylvania,45,1162,11,39,266,846,Pennsylvania45,273707,424.5415718268075,2.2,4.8,31.0,16.1,7.5,22.1,16.3,92.9,38.4
567,Pennsylvania,49,361,28,24,104,205,Pennsylvania49,563402,64.07502990759706,2.2,5.6,41.2,15.0,7.9,18.4,9.7,92.2,28.0
568,Pennsylvania,51,206,7,28,44,127,Pennsylvania51,276207,74.5817448507822,2.2,10.0,50.0,13.2,8.3,11.5,4.8,87.7,16.3
569,Pennsylvania,55,279,12,22,39,206,Pennsylvania55,132733,210.19640933302193,3.2,8.7,42.3,15.0,9.2,13.1,8.6,88.1,21.6
570,Pennsylvania,63,122,4,11,17,90,Pennsylvania63,153851,79.29750212868294,3.3,7.4,43.7,14.7,9.0,12.7,9.2,89.3,21.9
571,Pennsylvania,69,198,3,19,22,154,Pennsylvania69,86364,229.26219258024176,3.6,6.2,37.3,16.7,9.2,16.8,10.2,90.2,27.0
572,Pennsylvania,71,394,8,23,140,223,Pennsylvania71,211321,186.44621216064658,6.4,8.7,36.9,14.9,8.1,16.2,8.8,84.8,25.0
573,Pennsylvania,73,99,3,6,29,61,Pennsylvania73,538500,18.384401114206128,2.9,6.9,43.1,16.6,7.7,14.4,8.5,90.3,22.9
574,Pennsylvania,75,132,3,5,20,104,Pennsylvania75,87294,151.21314179668707,2.9,8.4,45.3,16.0,6.8,13.4,7.2,88.6,20.6
575,Pennsylvania,77,237,12,5,65,155,Pennsylvania77,138863,170.67181322598535,4.5,6.3,34.0,17.4,8.4,18.2,11.2,89.2,29.4
576,Pennsylvania,79,407,8,15,76,308,Pennsylvania79,363147,112.07582604289723,3.1,7.5,39.0,16.5,10.9,14.7,8.4,89.4,23.0
577,Pennsylvania,81,78,5,5,26,42,Pennsylvania81,316383,24.653663439565335,2.6,6.6,37.5,20.6,11.5,13.8,7.4,90.8,21.2
578,Pennsylvania,85,151,1,11,30,109,Pennsylvania85,115248,131.02179647369152,2.8,6.9,42.7,16.3,9.3,12.7,9.3,90.3,22.1
579,Pennsylvania,89,220,5,27,52,136,Pennsylvania89,112913,194.84027525617068,3.0,6.7,35.8,21.1,7.6,16.2,9.4,90.2,25.6
580,Pennsylvania,91,625,9,20,186,410,Pennsylvania91,166098,376.2838806006093,1.9,3.9,24.2,15.2,6.9,27.5,20.6,94.3,48.0
581,Pennsylvania,95,238,7,4,46,181,Pennsylvania95,821725,28.963461011895706,3.2,6.0,35.4,17.1,9.4,18.8,10.1,90.8,28.9
582,Pennsylvania,97,176,1,18,18,139,Pennsylvania97,302294,58.221466519348716,3.2,9.7,50.2,12.0,7.4,11.7,6.0,87.2,17.6
583,Pennsylvania,101,6284,137,350,2281,3516,Pennsylvania101,92541,6790.503668644168,5.8,11.0,31.8,17.4,5.5,16.9,11.7,83.2,28.6
584,Pennsylvania,107,549,9,17,22,501,Pennsylvania107,1567872,35.015613519470975,2.6,8.9,47.3,15.8,9.7,9.7,6.0,88.5,15.7
585,Pennsylvania,111,67,0,7,8,52,Pennsylvania111,143573,46.666155892821074,5.4,7.0,47.9,14.5,9.1,10.8,5.2,87.6,16.0
586,Pennsylvania,125,191,4,11,35,141,Pennsylvania125,75061,254.45970610570072,2.5,5.1,38.8,16.1,8.1,20.0,9.4,92.4,29.4
587,Pennsylvania,129,343,6,22,64,251,Pennsylvania129,207981,164.9189108620499,1.9,3.9,37.4,17.2,11.5,17.8,10.3,94.1,28.1
588,Pennsylvania,133,477,12,23,101,341,Pennsylvania133,355458,134.19306922336816,2.9,7.4,41.0,16.2,8.4,15.7,8.5,89.7,24.2
589,Rhode Island,3,83,6,4,13,60,Rhode Island3,443744,18.704478257734188,2.7,5.4,29.0,20.5,10.2,20.0,12.1,91.9,32.1
590,Rhode Island,5,48,1,4,3,40,Rhode Island5,164614,29.159123768330762,2.2,3.1,21.8,19.9,7.7,28.3,17.1,94.8,45.4
591,Rhode Island,7,712,10,69,122,511,Rhode Island7,82784,860.0695786625436,7.2,7.3,30.1,18.0,8.0,18.1,11.3,85.5,29.4
592,Rhode Island,9,40,1,5,3,31,Rhode Island9,633673,6.312404031732456,1.1,3.7,23.6,18.1,6.9,25.7,20.9,95.3,46.6
593,South Carolina,3,194,18,5,45,126,South Carolina3,126288,153.6171291017357,4.9,9.8,32.6,21.3,7.9,14.5,9.0,85.2,23.5
594,South Carolina,7,271,17,10,36,208,South Carolina7,167458,161.8316234518506,5.0,11.0,33.7,19.0,10.2,12.8,8.4,84.0,21.1
595,South Carolina,13,181,8,22,32,119,South Carolina13,196569,92.07962598375124,1.9,3.6,22.9,22.3,7.5,23.6,18.1,94.5,41.7
596,South Carolina,15,244,14,19,33,178,South Carolina15,183149,133.22486063259967,3.6,9.1,27.4,24.3,10.4,16.3,9.0,87.3,25.2
597,South Carolina,19,647,42,40,138,427,South Carolina19,210898,306.7833739532855,2.7,7.5,22.1,17.7,8.5,27.2,14.4,89.9,41.6
598,South Carolina,31,104,4,4,17,79,South Carolina31,396484,26.230566681127108,6.8,14.6,33.2,19.4,8.7,10.9,6.4,78.6,17.3
599,South Carolina,35,127,2,4,16,105,South Carolina35,67234,188.89252461552192,4.1,8.0,25.9,21.9,10.9,19.6,9.5,87.9,29.1
600,South Carolina,41,226,9,4,46,167,South Carolina41,153773,146.96988417992756,5.9,10.8,30.8,20.7,9.5,14.6,7.7,83.3,22.3
601,South Carolina,45,891,24,75,201,591,South Carolina45,138742,642.1991898631993,4.2,8.4,22.9,21.6,8.9,21.9,12.1,87.5,34.0
602,South Carolina,47,250,3,13,35,199,South Carolina47,498766,50.12370530469198,3.7,10.4,30.1,20.6,11.2,16.5,7.5,85.9,24.0
603,South Carolina,51,777,24,98,126,529,South Carolina51,70133,1107.8949995009482,3.5,6.9,31.7,25.8,9.7,15.0,7.4,89.6,22.4
604,South Carolina,57,84,6,3,9,66,South Carolina57,322342,26.05927865434849,3.5,9.5,33.0,17.1,10.3,18.1,8.4,86.9,26.6
605,South Carolina,59,151,4,7,14,126,South Carolina59,89594,168.53807174587584,7.7,13.1,31.2,23.9,10.1,9.4,4.5,79.2,13.9
606,South Carolina,63,339,17,12,53,257,South Carolina63,66777,507.65982299294666,4.0,6.5,29.6,20.8,8.6,19.6,10.9,89.5,30.5
607,South Carolina,73,79,1,8,6,64,South Carolina73,286196,27.603460565486593,5.2,9.5,29.9,22.8,8.1,14.8,9.6,85.3,24.4
608,South Carolina,75,49,0,2,15,32,South Carolina75,76355,64.17392443192979,4.2,10.0,31.9,20.5,15.3,12.1,6.0,85.7,18.1
609,South Carolina,77,110,9,10,15,76,South Carolina77,87903,125.13793613414786,5.4,10.8,26.6,19.3,10.4,17.1,10.3,83.7,27.4
610,South Carolina,79,594,40,6,79,469,South Carolina79,122863,483.4653231648258,3.2,6.2,22.1,21.5,8.1,23.1,15.8,90.6,38.8
611,South Carolina,83,198,7,7,40,144,South Carolina83,409549,48.34586337654346,5.1,10.0,31.3,20.2,11.2,14.3,8.0,84.9,22.2
612,South Carolina,85,226,5,9,42,170,South Carolina85,301463,74.96774065142323,4.4,9.8,31.6,25.6,9.2,13.2,6.3,85.8,19.5
613,South Carolina,91,276,3,22,58,193,South Carolina91,107396,256.9928116503408,4.1,6.5,25.8,22.8,10.9,19.9,9.9,89.4,29.9
614,South Dakota,99,370,8,6,27,329,South Dakota99,258526,143.11906732785096,3.5,4.8,25.4,21.9,11.0,23.0,10.4,91.7,33.4
615,South Dakota,103,232,3,7,14,208,South Dakota103,187318,123.85355384960334,2.2,6.3,26.2,23.4,11.7,19.6,10.6,91.5,30.2
616,Tennessee,1,200,0,0,35,165,Tennessee1,109372,182.862158504919,5.0,7.0,32.0,25.6,7.2,13.2,9.9,88.0,23.1
617,Tennessee,9,199,1,4,18,176,Tennessee9,75936,262.062789717657,3.7,7.6,33.7,22.4,9.7,14.8,8.1,88.7,22.8
618,Tennessee,11,255,1,0,25,229,Tennessee11,128670,198.1813942643973,5.3,8.7,34.8,20.4,7.8,15.1,7.9,86.0,23.0
619,Tennessee,37,3477,76,9,339,3053,Tennessee37,104490,3327.5911570485214,4.2,8.2,22.3,19.6,5.8,24.9,14.9,87.6,39.8
620,Tennessee,59,103,1,2,5,95,Tennessee59,684410,15.049458657822067,6.1,8.3,44.0,19.4,6.0,10.1,6.2,85.7,16.3
621,Tennessee,65,797,14,10,153,620,Tennessee65,68615,1161.553596152445,4.0,7.2,29.3,19.2,9.5,21.1,9.5,88.8,30.7
622,Tennessee,93,680,10,8,130,532,Tennessee93,357738,190.08324528006528,2.9,6.3,24.1,20.2,8.1,23.8,14.6,90.8,38.4
623,Tennessee,113,443,8,5,51,379,Tennessee113,456132,97.12100883077706,3.3,8.6,40.5,21.3,5.3,13.4,7.6,88.1,21.0
624,Tennessee,119,177,1,4,23,149,Tennessee119,97663,181.23547300410596,3.0,5.8,34.1,24.8,10.1,13.6,8.6,91.1,22.2
625,Tennessee,125,621,16,13,61,531,Tennessee125,89981,690.1456974250119,2.3,5.9,29.8,27.7,8.4,18.4,7.4,91.8,25.8
626,Tennessee,141,181,0,3,6,172,Tennessee141,195734,92.47243708297997,6.0,7.8,38.2,16.2,3.8,16.9,11.2,86.3,28.1
627,Tennessee,147,153,1,5,15,132,Tennessee147,75931,201.49872910932297,5.6,8.7,37.8,20.4,7.8,13.0,6.7,85.7,19.7
628,Tennessee,149,649,5,27,63,554,Tennessee149,69165,938.3358635147835,2.3,4.7,29.6,23.4,8.1,22.0,9.9,93.0,31.8
629,Tennessee,155,165,4,4,11,146,Tennessee155,308251,53.5278068846492,5.3,8.4,38.4,22.8,6.7,11.6,6.7,86.3,18.2
630,Tennessee,157,2348,78,70,641,1559,Tennessee157,96673,2428.8063885469574,4.2,7.5,25.7,24.4,7.4,19.2,11.5,88.3,30.8
631,Tennessee,163,309,5,4,35,265,Tennessee163,934603,33.06216650278247,4.8,9.2,37.3,20.8,8.0,12.1,7.8,86.0,19.9
632,Tennessee,165,304,2,7,21,274,Tennessee165,156667,194.04214033587164,4.0,5.5,32.3,21.9,9.3,18.2,8.8,90.5,27.0
633,Tennessee,179,250,2,7,30,211,Tennessee179,180063,138.8402947857139,3.9,8.6,30.4,19.2,6.2,19.6,12.1,87.5,31.7
634,Tennessee,187,148,3,6,9,130,Tennessee187,127440,116.13308223477716,2.6,3.5,13.6,17.5,6.8,36.9,19.0,93.8,55.9
635,Tennessee,189,184,1,11,14,158,Tennessee189,219107,83.9772348669828,3.3,6.9,26.4,25.3,9.0,19.7,9.4,89.8,29.2
636,Texas,5,132,1,12,23,96,Texas5,132781,99.41181343716345,9.3,12.4,29.1,25.1,8.1,10.9,5.0,78.2,15.8
637,Texas,21,120,2,7,9,102,Texas21,87791,136.68827100727864,8.9,8.9,27.2,26.7,8.2,13.3,6.8,82.2,20.2
638,Texas,27,232,5,28,64,135,Texas27,82733,280.420146737094,3.8,6.1,25.7,31.4,10.7,14.7,7.6,90.1,22.3
639,Texas,29,2008,136,132,636,1104,Texas29,340411,589.8751802967589,7.8,9.6,25.3,21.7,7.8,17.8,10.1,82.6,27.9
640,Texas,37,188,8,25,17,138,Texas37,1928680,9.747599394404464,2.9,8.4,36.8,23.7,7.2,14.6,6.4,88.8,21.1
641,Texas,39,291,4,10,64,213,Texas39,93860,310.03622416364794,5.3,6.9,28.0,23.3,8.9,17.1,10.4,87.7,27.5
642,Texas,41,298,1,17,55,225,Texas41,354195,84.13444571493105,6.9,6.7,19.9,21.1,6.5,20.0,18.9,86.4,38.9
643,Texas,61,570,9,60,126,375,Texas61,220417,258.6007431368724,19.2,13.2,27.1,16.3,7.2,12.0,5.0,67.6,17.0
644,Texas,85,337,7,32,65,233,Texas85,422135,79.83228114228861,3.4,3.1,15.1,19.3,7.4,33.4,18.3,93.5,51.7
645,Texas,91,90,4,14,14,58,Texas91,939585,9.578696977921103,2.6,3.8,26.1,22.3,8.8,24.6,11.9,93.6,36.5
646,Texas,99,84,2,1,28,53,Texas99,134788,62.32008784164763,6.9,6.2,28.0,31.4,11.5,11.3,4.6,86.9,15.9
647,Texas,113,3414,83,392,1031,1908,Texas113,74686,4571.137830383204,11.9,9.8,22.0,20.1,5.8,19.5,10.9,78.3,30.4
648,Texas,121,497,8,30,72,387,Texas121,2574984,19.30109080289431,3.7,4.1,17.6,22.6,7.4,30.7,13.9,92.2,44.6
649,Texas,135,364,5,17,69,273,Texas135,806180,45.15120692649284,8.9,15.4,31.3,22.4,6.7,11.4,3.9,75.8,15.4
650,Texas,139,164,1,6,31,126,Texas139,157462,104.15211289072919,6.0,9.5,27.3,27.2,8.2,15.1,6.7,84.5,21.8
651,Texas,141,1119,29,69,317,704,Texas141,168499,664.0988967293574,13.6,9.4,23.3,23.4,8.3,14.7,7.3,77.0,22.0
652,Texas,157,285,15,3,86,181,Texas157,837918,34.01287476817541,4.2,5.0,19.0,19.6,7.2,28.1,16.9,90.8,45.0
653,Texas,167,912,12,33,134,733,Texas167,741237,123.03757097932241,4.6,7.5,23.9,24.0,10.8,18.3,10.9,87.9,29.2
654,Texas,181,143,1,1,21,120,Texas181,329431,43.408179558086516,3.3,7.9,28.0,30.1,11.3,14.9,4.5,88.8,19.4
655,Texas,183,150,6,10,37,97,Texas183,128235,116.97274535033338,7.6,12.0,28.0,25.5,5.6,13.9,7.4,80.4,21.3
656,Texas,187,119,2,38,16,63,Texas187,123745,96.16550163642975,5.6,6.1,32.2,19.7,9.1,17.9,9.5,88.4,27.4
657,Texas,201,5744,223,270,1913,3338,Texas201,155265,3699.481531575049,10.8,8.1,23.6,20.0,6.5,20.0,11.0,81.1,31.0
658,Texas,203,85,1,13,7,64,Texas203,4589928,1.8518809009640238,5.8,10.9,32.8,27.8,5.8,11.9,5.0,83.3,16.9
659,Texas,209,193,6,18,27,142,Texas209,66534,290.0772537349325,6.0,6.3,21.5,24.0,6.0,21.4,14.7,87.6,36.1
660,Texas,213,91,5,20,9,57,Texas213,204470,44.50530640191715,7.3,9.4,33.5,26.1,5.2,11.3,7.1,83.3,18.5
661,Texas,215,1030,24,145,252,609,Texas215,79901,1289.095255378531,21.4,13.1,23.3,19.6,4.4,12.8,5.5,65.5,18.3
662,Texas,231,142,4,4,9,125,Texas231,849843,16.70896859772923,5.9,12.3,29.9,25.3,6.4,12.1,8.1,81.8,20.2
663,Texas,245,332,5,3,62,262,Texas245,92073,360.5834500885167,7.7,9.0,33.7,22.5,8.6,12.4,6.1,83.3,18.5
664,Texas,251,120,3,6,8,103,Texas251,254679,47.11813694886504,5.3,9.1,37.6,23.1,5.3,15.0,4.5,85.6,19.5
665,Texas,257,116,1,10,14,91,Texas257,163274,71.04621678895599,7.0,7.0,36.6,21.9,8.1,12.8,6.6,85.9,19.4
666,Texas,291,75,3,6,10,56,Texas291,118350,63.371356147021544,9.6,14.4,40.5,19.6,7.0,6.9,2.2,76.1,9.1
667,Texas,303,428,2,21,77,328,Texas303,81704,523.8421619504553,6.1,8.4,24.6,24.5,5.5,19.5,11.4,85.5,30.9
668,Texas,309,460,4,74,64,318,Texas309,303137,151.7465700326915,6.7,10.3,29.1,22.8,9.2,13.5,8.3,82.9,21.8
669,Texas,329,271,6,12,22,231,Texas329,247934,109.30328232513492,7.2,9.1,27.4,21.3,8.5,19.4,7.1,83.7,26.5
670,Texas,339,281,5,12,45,219,Texas339,162565,172.85393534893734,4.7,8.3,23.6,22.1,7.9,21.2,12.2,87.0,33.4
671,Texas,347,71,0,5,12,54,Texas347,556203,12.765123525043913,6.2,14.6,24.8,23.2,5.4,17.3,8.4,79.2,25.8
672,Texas,355,608,23,39,88,458,Texas355,65806,923.9279093091815,6.9,10.1,28.0,25.1,7.9,14.4,7.7,83.1,22.1
673,Texas,361,50,4,3,6,37,Texas361,361350,13.83700013837,3.8,7.8,39.5,24.6,8.8,12.1,3.4,88.4,15.5
674,Texas,367,52,0,7,3,42,Texas367,84964,61.20239160114872,4.5,7.3,31.3,26.9,8.1,14.7,7.2,88.2,21.9
675,Texas,375,373,9,49,67,248,Texas375,129441,288.16217427244845,11.1,13.2,32.1,22.0,6.8,9.9,4.8,75.7,14.8
676,Texas,381,32,1,6,0,25,Texas381,120832,26.483050847457626,2.4,7.2,19.5,27.4,11.9,21.0,10.6,90.4,31.6
677,Texas,397,24,2,2,4,16,Texas397,132501,18.113070844748343,4.1,4.1,20.0,22.6,9.0,25.2,15.0,91.9,40.2
678,Texas,409,109,3,6,10,90,Texas409,93978,115.98459213858564,9.2,11.7,29.6,27.9,7.0,11.0,3.6,79.1,14.6
679,Texas,423,182,4,8,48,122,Texas423,67655,269.01189860320744,6.4,7.9,23.7,27.3,9.8,17.4,7.5,85.7,24.9
680,Texas,439,2469,82,224,570,1593,Texas439,225290,1095.9208131741311,6.9,7.7,24.7,22.5,7.4,20.4,10.3,85.3,30.7
681,Texas,441,114,3,8,18,85,Texas441,2016872,5.65231705333804,5.1,6.2,36.0,23.2,7.0,15.2,7.4,88.7,22.5
682,Texas,451,104,6,15,21,62,Texas451,136535,76.17094517889186,4.7,11.0,28.2,24.8,6.3,17.0,8.0,84.3,25.0
683,Texas,453,2177,34,16,390,1737,Texas453,118386,1838.899869917051,6.2,5.0,16.7,19.6,5.4,30.3,16.9,88.8,47.2
684,Texas,469,145,5,4,22,114,Texas469,1199323,12.090154195325196,6.6,9.0,31.2,26.7,7.3,13.1,6.1,84.4,19.1
685,Texas,471,113,7,10,6,90,Texas471,92467,122.20575989271849,5.9,6.5,40.2,21.1,5.0,13.7,7.6,87.6,21.3
686,Texas,479,424,11,29,111,273,Texas479,71484,593.1397235745062,18.2,14.8,28.7,14.6,6.5,12.3,4.9,67.0,17.2
687,Texas,485,182,3,15,47,117,Texas485,271193,67.11087675566847,5.6,8.7,29.4,24.9,7.6,16.1,7.7,85.6,23.8
688,Texas,491,229,0,31,29,169,Texas491,131838,173.69802333166461,2.7,3.4,20.4,24.0,8.8,27.9,12.7,93.9,40.6
689,Utah,5,27,4,4,3,16,Utah5,528718,5.106692036208338,4.0,4.7,18.7,26.7,7.4,27.7,10.9,91.3,38.6
690,Utah,11,110,1,13,15,81,Utah11,122753,89.6108445414776,1.0,3.1,21.3,25.9,11.1,25.2,12.5,96.0,37.7
691,Utah,35,1368,22,118,302,926,Utah35,342281,399.67161484277534,4.0,5.9,22.8,24.2,9.2,21.1,12.6,90.0,33.8
692,Utah,49,274,9,70,35,160,Utah49,1121354,24.434745851889765,1.8,3.7,16.2,28.7,10.9,26.4,12.3,94.6,38.7
693,Utah,53,97,0,17,13,67,Utah53,592299,16.37686371241552,2.4,3.4,22.1,30.4,13.6,17.6,10.7,94.2,28.3
694,Utah,57,151,9,15,27,100,Utah57,160245,94.23070922649693,3.1,6.8,29.6,28.5,9.8,15.1,7.2,90.2,22.3
695,Vermont,7,157,1,20,6,130,Vermont7,247560,63.41896913879463,2.2,2.8,20.3,16.1,8.3,28.9,21.5,95.1,50.4
696,Virginia,3,54,1,6,12,35,Virginia3,161531,33.43011558152924,4.8,5.6,15.4,17.9,3.9,26.3,26.2,89.6,52.5
697,Virginia,7,7,0,1,1,5,Virginia7,106878,6.54952375605831,2.1,7.2,26.7,26.7,10.0,17.0,10.3,90.7,27.3
698,Virginia,13,146,1,3,44,98,Virginia13,230050,63.46446424690285,3.9,2.2,9.2,7.7,2.8,33.9,40.4,94.0,74.3
699,Virginia,15,50,6,4,3,37,Virginia15,74997,66.66933344000427,4.1,11.1,34.8,19.5,7.1,14.4,9.0,84.9,23.5
700,Virginia,19,30,1,1,4,24,Virginia19,77960,38.48127244740893,2.6,6.5,30.7,21.8,8.9,17.3,12.4,90.9,29.6
701,Virginia,41,235,12,26,83,114,Virginia41,339009,69.31969357745665,2.8,4.0,23.7,20.1,8.7,25.5,15.1,93.1,40.5
702,Virginia,51,3,0,0,0,3,Virginia51,1138652,0.2634694357889856,4.6,3.6,10.9,12.8,5.5,28.9,33.7,91.7,62.6
703,Virginia,59,511,12,28,174,297,Virginia59,69069,739.8398702746529,4.7,3.5,12.1,13.5,5.2,31.1,30.0,91.9,61.1
704,Virginia,61,32,0,2,8,22,Virginia61,84421,37.90526053943924,3.3,6.3,24.7,22.4,8.8,22.2,12.5,90.4,34.6
705,Virginia,65,12,0,0,1,11,Virginia65,104392,11.495133726722354,2.3,6.5,29.7,25.2,9.0,15.6,11.7,91.2,27.3
706,Virginia,69,42,4,2,11,25,Virginia69,326501,12.863666573762409,3.0,6.2,33.2,19.0,10.0,16.3,12.2,90.9,28.5
707,Virginia,71,6,0,2,0,4,Virginia71,74404,8.06408257620558,3.3,8.3,25.7,26.6,7.9,17.9,10.2,88.3,28.2
708,Virginia,77,12,3,2,0,7,Virginia77,385945,3.109251318193007,3.1,9.7,35.3,20.2,10.6,13.4,7.6,87.2,21.1
709,Virginia,81,3,0,0,1,2,Virginia81,98602,3.042534634185919,1.9,4.7,21.2,26.3,10.9,22.7,12.3,93.4,35.0
710,Virginia,85,76,6,2,6,62,Virginia85,455210,16.695591045890907,2.1,6.1,24.1,19.4,7.7,26.3,14.3,91.9,40.7
711,Virginia,87,484,13,10,145,316,Virginia87,94031,514.7238676606651,2.5,5.6,22.1,20.3,7.6,26.5,15.5,91.9,42.0
712,Virginia,95,42,1,2,5,34,Virginia95,79744,52.668539325842694,1.1,3.5,17.0,20.0,8.1,28.5,21.8,95.4,50.4
713,Virginia,107,130,5,9,18,98,Virginia107,132010,98.47738807666084,3.9,3.1,12.6,14.8,6.0,34.5,25.2,93.1,59.7
714,Virginia,121,42,0,5,1,36,Virginia121,144361,29.09373030112011,2.2,3.8,21.9,15.9,5.9,24.3,26.0,94.0,50.2
715,Virginia,153,413,34,22,96,261,Virginia153,67976,607.5673767211957,6.4,5.7,21.1,18.6,7.6,24.5,16.0,87.9,40.5
716,Virginia,161,79,0,4,7,68,Virginia161,155810,50.70277902573647,3.4,5.4,23.6,19.9,14.5,21.5,11.6,91.2,33.1
717,Virginia,165,31,0,3,3,25,Virginia165,135410,22.893434753710952,7.3,9.4,34.4,15.9,6.4,15.5,11.1,83.3,26.6
718,Virginia,177,85,3,2,10,70,Virginia177,181825,46.74824694073972,4.2,5.8,30.2,22.2,7.4,18.8,11.5,90.0,30.3
719,Virginia,179,135,3,7,12,113,Virginia179,245115,55.07618872774004,1.4,5.2,22.1,23.9,7.9,21.4,18.1,93.4,39.5
720,Virginia,199,41,6,3,16,16,Virginia199,99660,41.13987557696167,2.3,2.7,21.1,17.2,10.3,25.5,20.9,95.0,46.5
721,Washington,5,211,2,19,32,158,Washington5,452602,46.619325588486134,5.4,3.8,23.5,27.0,10.6,18.2,11.6,90.8,29.8
722,Washington,7,76,0,10,11,55,Washington7,193686,39.238767902687854,9.1,10.2,26.5,17.6,10.3,14.5,11.7,80.7,26.3
723,Washington,9,85,1,5,3,76,Washington9,76338,111.34690455605335,1.3,8.3,29.2,27.3,9.8,15.0,9.1,90.3,24.1
724,Washington,11,380,5,18,81,276,Washington11,74570,509.5883062893925,2.2,5.4,24.2,27.2,11.5,19.1,10.5,92.4,29.5
725,Washington,15,175,0,17,46,112,Washington15,467018,37.4717890959235,3.2,8.8,31.4,29.3,10.2,10.8,6.3,88.0,17.1
726,Washington,21,120,0,9,17,94,Washington21,105160,114.11182959300113,15.5,9.3,23.8,26.2,8.9,9.0,7.2,75.2,16.2
727,Washington,25,110,1,15,13,81,Washington25,90160,122.00532386867792,14.6,8.8,26.2,25.6,6.7,11.7,6.5,76.7,18.1
728,Washington,27,99,2,22,11,64,Washington27,93546,105.83028670386763,5.1,8.1,35.0,24.9,10.3,12.1,4.6,86.8,16.6
729,Washington,29,49,0,5,4,40,Washington29,71628,68.40900206623108,1.6,3.2,23.4,28.8,11.7,17.8,13.3,95.1,31.1
730,Washington,33,2722,32,140,765,1785,Washington33,82636,3293.963889830098,3.6,4.1,15.1,17.9,7.9,30.8,20.6,92.3,51.4
731,Washington,35,327,3,21,48,255,Washington35,2149970,15.209514551365832,2.1,4.3,22.8,28.9,10.0,20.9,11.1,93.6,31.9
732,Washington,41,110,1,10,21,78,Washington41,264811,41.539059933310924,4.3,6.9,30.0,29.4,12.6,11.3,5.4,88.7,16.7
733,Washington,53,1340,13,48,307,972,Washington53,77066,1738.7693665170113,3.2,5.9,27.0,25.9,11.1,17.9,9.0,90.9,26.9
734,Washington,57,206,6,21,30,149,Washington57,861312,23.91700104027344,4.6,5.8,26.1,28.0,11.2,15.7,8.7,89.6,24.4
735,Washington,61,788,12,40,142,594,Washington61,123681,637.1229210630573,2.7,5.2,24.3,26.0,10.5,21.4,10.1,92.2,31.4
736,Washington,63,592,16,25,102,449,Washington63,787620,75.1631497422615,1.5,4.2,23.5,27.1,12.8,19.4,11.5,94.3,30.9
737,Washington,67,356,3,13,48,292,Washington67,499072,71.33239292126186,2.0,4.1,20.6,25.9,12.2,22.3,12.9,93.9,35.2
738,Washington,73,211,1,23,35,152,Washington73,275222,76.6653828545683,3.6,5.0,25.1,23.6,9.8,21.0,11.8,91.3,32.9
739,Washington,77,467,20,49,72,326,Washington77,216800,215.40590405904058,14.2,11.0,28.7,22.2,8.1,9.6,6.3,74.8,15.9
740,West Virginia,3,90,2,4,19,65,West Virginia3,249636,36.05249242897659,2.0,10.9,37.7,21.7,7.0,12.3,8.5,87.1,20.7
741,West Virginia,11,72,5,3,9,55,West Virginia11,113525,63.422153710636415,4.4,8.9,31.6,20.3,9.2,14.0,11.6,86.8,25.6
742,West Virginia,33,75,1,4,11,59,West Virginia33,95987,78.1355808599081,3.7,7.9,38.2,18.5,6.6,16.4,8.8,88.4,25.1
743,West Virginia,39,377,8,5,47,317,West Virginia39,68400,551.1695906432749,3.3,9.4,35.9,19.4,6.8,14.1,11.1,87.3,25.2
744,West Virginia,61,137,3,12,16,106,West Virginia61,186241,73.56060158611692,1.3,6.2,31.0,15.6,5.4,21.0,19.6,92.5,40.6
745,West Virginia,81,154,6,3,16,129,West Virginia81,104622,147.19657433427003,3.4,7.8,40.8,20.8,7.6,12.9,6.7,88.8,19.6
746,West Virginia,107,77,1,3,10,63,West Virginia107,76601,100.52088092844741,2.6,5.8,32.4,25.1,8.8,14.7,10.5,91.6,25.2
747,Wisconsin,9,328,5,32,36,255,Wisconsin9,85643,382.98518267692634,2.8,4.0,31.7,20.0,13.2,20.6,7.7,93.2,28.4
748,Wisconsin,25,523,10,50,76,387,Wisconsin25,260401,200.84408278002005,1.5,2.2,17.8,15.9,10.7,31.1,20.9,96.3,52.0
749,Wisconsin,27,51,1,3,4,43,Wisconsin27,531273,9.599584394463864,2.6,6.8,39.7,22.9,11.4,11.0,5.4,90.6,16.4
750,Wisconsin,35,173,2,13,16,142,Wisconsin35,88068,196.4391152291411,2.5,4.2,25.2,22.0,15.4,20.0,10.8,93.3,30.8
751,Wisconsin,39,121,0,23,6,92,Wisconsin39,102965,117.51566066138979,2.7,5.8,37.2,20.0,10.6,16.7,7.1,91.5,23.8
752,Wisconsin,55,138,0,27,5,106,Wisconsin55,102144,135.10338345864662,3.6,6.3,32.5,21.4,11.8,16.7,7.8,90.2,24.4
753,Wisconsin,59,309,5,1,52,251,Wisconsin59,84625,365.1403249630724,3.9,8.5,30.2,22.9,9.5,15.4,9.6,87.6,25.0
754,Wisconsin,63,112,1,18,10,83,Wisconsin63,168183,66.59412663586689,1.6,3.7,21.8,22.6,13.6,22.8,14.0,94.7,36.8
755,Wisconsin,71,117,1,6,7,103,Wisconsin71,118122,99.05013460659318,2.5,5.6,43.0,19.4,10.3,13.5,5.7,91.9,19.2
756,Wisconsin,73,171,1,35,35,100,Wisconsin73,79536,214.99698249849126,3.2,5.6,35.3,18.4,12.8,16.8,7.9,91.2,24.7
757,Wisconsin,79,2730,120,290,993,1327,Wisconsin79,135603,2013.2297958009779,4.2,7.7,28.5,21.0,7.9,19.4,11.2,88.1,30.6
758,Wisconsin,87,206,2,16,33,155,Wisconsin87,951448,21.651209524850543,2.5,3.9,31.5,21.8,13.1,19.1,8.1,93.6,27.2
759,Wisconsin,89,31,1,2,2,26,Wisconsin89,184526,16.799800570109362,1.1,2.8,21.4,19.3,7.4,28.2,19.7,96.1,48.0
760,Wisconsin,97,67,1,11,4,51,Wisconsin97,88314,75.86566116357542,1.6,4.0,30.9,20.8,11.3,22.6,8.9,94.4,31.5
761,Wisconsin,101,177,9,2,67,99,Wisconsin101,70447,251.2527148068761,2.9,7.1,35.3,21.1,10.5,15.1,7.9,89.9,23.0
762,Wisconsin,105,240,14,6,54,166,Wisconsin105,195140,122.98862355232141,2.7,6.9,34.3,23.4,11.0,14.3,7.3,90.4,21.7
763,Wisconsin,109,43,0,3,3,37,Wisconsin109,161620,26.605618116569733,1.4,1.6,23.1,22.4,15.7,25.4,10.4,97.0,35.8
764,Wisconsin,117,137,9,19,19,90,Wisconsin117,88029,155.6305308477888,2.2,4.3,36.1,21.8,10.0,18.8,6.9,93.5,25.6
765,Wisconsin,127,100,1,6,8,85,Wisconsin127,115427,86.63484280107774,2.4,5.1,32.0,22.1,9.1,18.0,11.3,92.5,29.2
766,Wisconsin,131,97,2,3,6,86,Wisconsin131,102959,94.21225924882721,1.2,3.9,29.6,22.5,12.2,21.3,9.4,94.9,30.6
767,Wisconsin,133,225,24,27,51,123,Wisconsin133,134296,167.54035861082983,1.1,2.8,23.7,19.8,9.7,27.8,15.1,96.1,42.9
768,Wisconsin,139,200,1,5,38,156,Wisconsin139,398424,50.19777925024597,2.1,5.7,34.0,19.7,10.1,20.3,8.1,92.2,28.4
769,Wisconsin,141,15,1,5,2,7,Wisconsin141,169886,8.829450337285003,2.6,5.6,37.2,20.2,13.1,12.6,8.7,91.8,21.3
770,Wyoming,21,99,1,6,9,83,Wyoming21,73107,135.41794903360827,1.7,4.3,25.3,26.5,14.9,17.4,9.9,94.0,27.3
771,Wyoming,25,68,2,11,3,52,Wyoming25,98136,69.29159533708324,0.6,5.2,33.9,24.9,11.9,14.3,9.2,94.1,23.5
